CompanyId,OrderId,Direction,Volume,Notional,OrderDateTime
A,B0,Buy,1,5.00,2020-01-01T09:00:00Z
A,B1,Buy,1,5.00,2020-01-01T09:00:01Z
A,B2,Buy,1,5.00,2020-01-01T09:00:02Z
A,B3,Buy,1,5.00,2020-01-01T09:00:03Z
A,B4,Buy,1,5.00,2020-01-01T09:00:04Z
A,B5,Buy,1,5.00,2020-01-01T09:00:05Z
A,B6,Buy,1,5.00,2020-01-01T09:00:06Z
A,B7,Buy,1,5.00,2020-01-01T09:00:07Z
A,B8,Buy,1,5.00,2020-01-01T09:00:08Z
A,B9,Buy,1,5.00,2020-01-01T09:00:09Z
A,B10,Buy,1,5.00,2020-01-01T09:00:10Z
A,B11,Buy,1,5.00,2020-01-01T09:00:11Z
A,B12,Buy,1,5.00,2020-01-01T09:00:12Z
A,B13,Buy,1,5.00,2020-01-01T09:00:13Z
A,B14,Buy,1,5.00,2020-01-01T09:00:14Z
A,B15,Buy,1,5.00,2020-01-01T09:00:15Z
A,B16,Buy,1,5.00,2020-01-01T09:00:16Z
A,B17,Buy,1,5.00,2020-01-01T09:00:17Z
A,B18,Buy,1,5.00,2020-01-01T09:00:18Z
A,B19,Buy,1,5.00,2020-01-01T09:00:19Z
A,B20,Buy,1,5.00,2020-01-01T09:00:20Z
A,B21,Buy,1,5.00,2020-01-01T09:00:21Z
A,B22,Buy,1,5.00,2020-01-01T09:00:22Z
A,B23,Buy,1,5.00,2020-01-01T09:00:23Z
A,B24,Buy,1,5.00,2020-01-01T09:00:24Z
A,B25,Buy,1,5.00,2020-01-01T09:00:25Z
A,B26,Buy,1,5.00,2020-01-01T09:00:26Z
A,B27,Buy,1,5.00,2020-01-01T09:00:27Z
A,B28,Buy,1,5.00,2020-01-01T09:00:28Z
A,B29,Buy,1,5.00,2020-01-01T09:00:29Z
A,B30,Buy,1,5.00,2020-01-01T09:00:30Z
A,B31,Buy,1,5.00,2020-01-01T09:00:31Z
A,B32,Buy,1,5.00,2020-01-01T09:00:32Z
A,B33,Buy,1,5.00,2020-01-01T09:00:33Z
A,B34,Buy,1,5.00,2020-01-01T09:00:34Z
A,B35,Buy,1,5.00,2020-01-01T09:00:35Z
A,B36,Buy,1,5.00,2020-01-01T09:00:36Z
A,B37,Buy,1,5.00,2020-01-01T09:00:37Z
A,B38,Buy,1,5.00,2020-01-01T09:00:38Z
A,B39,Buy,1,5.00,2020-01-01T09:00:39Z
A,B40,Buy,1,5.00,2020-01-01T09:00:40Z
A,B41,Buy,1,5.00,2020-01-01T09:00:41Z
A,B42,Buy,1,5.00,2020-01-01T09:00:42Z
A,B43,Buy,1,5.00,2020-01-01T09:00:43Z
A,B44,Buy,1,5.00,2020-01-01T09:00:44Z
A,B45,Buy,1,5.00,2020-01-01T09:00:45Z
A,B46,Buy,1,5.00,2020-01-01T09:00:46Z
A,B47,Buy,1,5.00,2020-01-01T09:00:47Z
A,B48,Buy,1,5.00,2020-01-01T09:00:48Z
A,B49,Buy,1,5.00,2020-01-01T09:00:49Z
A,B50,Buy,1,5.00,2020-01-01T09:00:50Z
A,B51,Buy,1,5.00,2020-01-01T09:00:51Z
A,B52,Buy,1,5.00,2020-01-01T09:00:52Z
A,B53,Buy,1,5.00,2020-01-01T09:00:53Z
A,B54,Buy,1,5.00,2020-01-01T09:00:54Z
A,B55,Buy,1,5.00,2020-01-01T09:00:55Z
A,B56,Buy,1,5.00,2020-01-01T09:00:56Z
A,B57,Buy,1,5.00,2020-01-01T09:00:57Z
A,B58,Buy,1,5.00,2020-01-01T09:00:58Z
A,B59,Buy,1,5.00,2020-01-01T09:00:59Z
A,B60,Buy,1,5.00,2020-01-01T09:01:00Z
A,B61,Buy,1,5.00,2020-01-01T09:01:01Z
A,B62,Buy,1,5.00,2020-01-01T09:01:02Z
A,B63,Buy,1,5.00,2020-01-01T09:01:03Z
A,B64,Buy,1,5.00,2020-01-01T09:01:04Z
A,B65,Buy,1,5.00,2020-01-01T09:01:05Z
A,B66,Buy,1,5.00,2020-01-01T09:01:06Z
A,B67,Buy,1,5.00,2020-01-01T09:01:07Z
A,B68,Buy,1,5.00,2020-01-01T09:01:08Z
A,B69,Buy,1,5.00,2020-01-01T09:01:09Z
A,B70,Buy,1,5.00,2020-01-01T09:01:10Z
A,B71,Buy,1,5.00,2020-01-01T09:01:11Z
A,B72,Buy,1,5.00,2020-01-01T09:01:12Z
A,B73,Buy,1,5.00,2020-01-01T09:01:13Z
A,B74,Buy,1,5.00,2020-01-01T09:01:14Z
A,B75,Buy,1,5.00,2020-01-01T09:01:15Z
A,B76,Buy,1,5.00,2020-01-01T09:01:16Z
A,B77,Buy,1,5.00,2020-01-01T09:01:17Z
A,B78,Buy,1,5.00,2020-01-01T09:01:18Z
A,B79,Buy,1,5.00,2020-01-01T09:01:19Z
A,B80,Buy,1,5.00,2020-01-01T09:01:20Z
A,B81,Buy,1,5.00,2020-01-01T09:01:21Z
A,B82,Buy,1,5.00,2020-01-01T09:01:22Z
A,B83,Buy,1,5.00,2020-01-01T09:01:23Z
A,B84,Buy,1,5.00,2020-01-01T09:01:24Z
A,B85,Buy,1,5.00,2020-01-01T09:01:25Z
A,B86,Buy,1,5.00,2020-01-01T09:01:26Z
A,B87,Buy,1,5.00,2020-01-01T09:01:27Z
A,B88,Buy,1,5.00,2020-01-01T09:01:28Z
A,B89,Buy,1,5.00,2020-01-01T09:01:29Z
A,B90,Buy,1,5.00,2020-01-01T09:01:30Z
A,B91,Buy,1,5.00,2020-01-01T09:01:31Z
A,B92,Buy,1,5.00,2020-01-01T09:01:32Z
A,B93,Buy,1,5.00,2020-01-01T09:01:33Z
A,B94,Buy,1,5.00,2020-01-01T09:01:34Z
A,B95,Buy,1,5.00,2020-01-01T09:01:35Z
A,B96,Buy,1,5.00,2020-01-01T09:01:36Z
A,B97,Buy,1,5.00,2020-01-01T09:01:37Z
A,B98,Buy,1,5.00,2020-01-01T09:01:38Z
A,B99,Buy,1,5.00,2020-01-01T09:01:39Z
A,B100,Buy,1,5.00,2020-01-01T09:01:40Z
A,B101,Buy,1,5.00,2020-01-01T09:01:41Z
A,B102,Buy,1,5.00,2020-01-01T09:01:42Z
A,B103,Buy,1,5.00,2020-01-01T09:01:43Z
A,B104,Buy,1,5.00,2020-01-01T09:01:44Z
A,B105,Buy,1,5.00,2020-01-01T09:01:45Z
A,B106,Buy,1,5.00,2020-01-01T09:01:46Z
A,B107,Buy,1,5.00,2020-01-01T09:01:47Z
A,B108,Buy,1,5.00,2020-01-01T09:01:48Z
A,B109,Buy,1,5.00,2020-01-01T09:01:49Z
A,B110,Buy,1,5.00,2020-01-01T09:01:50Z
A,B111,Buy,1,5.00,2020-01-01T09:01:51Z
A,B112,Buy,1,5.00,2020-01-01T09:01:52Z
A,B113,Buy,1,5.00,2020-01-01T09:01:53Z
A,B114,Buy,1,5.00,2020-01-01T09:01:54Z
A,B115,Buy,1,5.00,2020-01-01T09:01:55Z
A,B116,Buy,1,5.00,2020-01-01T09:01:56Z
A,B117,Buy,1,5.00,2020-01-01T09:01:57Z
A,B118,Buy,1,5.00,2020-01-01T09:01:58Z
A,B119,Buy,1,5.00,2020-01-01T09:01:59Z
A,B120,Buy,1,5.00,2020-01-01T09:02:00Z
A,B121,Buy,1,5.00,2020-01-01T09:02:01Z
A,B122,Buy,1,5.00,2020-01-01T09:02:02Z
A,B123,Buy,1,5.00,2020-01-01T09:02:03Z
A,B124,Buy,1,5.00,2020-01-01T09:02:04Z
A,B125,Buy,1,5.00,2020-01-01T09:02:05Z
A,B126,Buy,1,5.00,2020-01-01T09:02:06Z
A,B127,Buy,1,5.00,2020-01-01T09:02:07Z
A,B128,Buy,1,5.00,2020-01-01T09:02:08Z
A,B129,Buy,1,5.00,2020-01-01T09:02:09Z
A,B130,Buy,1,5.00,2020-01-01T09:02:10Z
A,B131,Buy,1,5.00,2020-01-01T09:02:11Z
A,B132,Buy,1,5.00,2020-01-01T09:02:12Z
A,B133,Buy,1,5.00,2020-01-01T09:02:13Z
A,B134,Buy,1,5.00,2020-01-01T09:02:14Z
A,B135,Buy,1,5.00,2020-01-01T09:02:15Z
A,B136,Buy,1,5.00,2020-01-01T09:02:16Z
A,B137,Buy,1,5.00,2020-01-01T09:02:17Z
A,B138,Buy,1,5.00,2020-01-01T09:02:18Z
A,B139,Buy,1,5.00,2020-01-01T09:02:19Z
A,B140,Buy,1,5.00,2020-01-01T09:02:20Z
A,B141,Buy,1,5.00,2020-01-01T09:02:21Z
A,B142,Buy,1,5.00,2020-01-01T09:02:22Z
A,B143,Buy,1,5.00,2020-01-01T09:02:23Z
A,B144,Buy,1,5.00,2020-01-01T09:02:24Z
A,B145,Buy,1,5.00,2020-01-01T09:02:25Z
A,B146,Buy,1,5.00,2020-01-01T09:02:26Z
A,B147,Buy,1,5.00,2020-01-01T09:02:27Z
A,B148,Buy,1,5.00,2020-01-01T09:02:28Z
A,B149,Buy,1,5.00,2020-01-01T09:02:29Z
A,B150,Buy,1,5.00,2020-01-01T09:02:30Z
A,B151,Buy,1,5.00,2020-01-01T09:02:31Z
A,B152,Buy,1,5.00,2020-01-01T09:02:32Z
A,B153,Buy,1,5.00,2020-01-01T09:02:33Z
A,B154,Buy,1,5.00,2020-01-01T09:02:34Z
A,B155,Buy,1,5.00,2020-01-01T09:02:35Z
A,B156,Buy,1,5.00,2020-01-01T09:02:36Z
A,B157,Buy,1,5.00,2020-01-01T09:02:37Z
A,B158,Buy,1,5.00,2020-01-01T09:02:38Z
A,B159,Buy,1,5.00,2020-01-01T09:02:39Z
A,B160,Buy,1,5.00,2020-01-01T09:02:40Z
A,B161,Buy,1,5.00,2020-01-01T09:02:41Z
A,B162,Buy,1,5.00,2020-01-01T09:02:42Z
A,B163,Buy,1,5.00,2020-01-01T09:02:43Z
A,B164,Buy,1,5.00,2020-01-01T09:02:44Z
A,B165,Buy,1,5.00,2020-01-01T09:02:45Z
A,B166,Buy,1,5.00,2020-01-01T09:02:46Z
A,B167,Buy,1,5.00,2020-01-01T09:02:47Z
A,B168,Buy,1,5.00,2020-01-01T09:02:48Z
A,B169,Buy,1,5.00,2020-01-01T09:02:49Z
A,B170,Buy,1,5.00,2020-01-01T09:02:50Z
A,B171,Buy,1,5.00,2020-01-01T09:02:51Z
A,B172,Buy,1,5.00,2020-01-01T09:02:52Z
A,B173,Buy,1,5.00,2020-01-01T09:02:53Z
A,B174,Buy,1,5.00,2020-01-01T09:02:54Z
A,B175,Buy,1,5.00,2020-01-01T09:02:55Z
A,B176,Buy,1,5.00,2020-01-01T09:02:56Z
A,B177,Buy,1,5.00,2020-01-01T09:02:57Z
A,B178,Buy,1,5.00,2020-01-01T09:02:58Z
A,B179,Buy,1,5.00,2020-01-01T09:02:59Z
A,B180,Buy,1,5.00,2020-01-01T09:03:00Z
A,B181,Buy,1,5.00,2020-01-01T09:03:01Z
A,B182,Buy,1,5.00,2020-01-01T09:03:02Z
A,B183,Buy,1,5.00,2020-01-01T09:03:03Z
A,B184,Buy,1,5.00,2020-01-01T09:03:04Z
A,B185,Buy,1,5.00,2020-01-01T09:03:05Z
A,B186,Buy,1,5.00,2020-01-01T09:03:06Z
A,B187,Buy,1,5.00,2020-01-01T09:03:07Z
A,B188,Buy,1,5.00,2020-01-01T09:03:08Z
A,B189,Buy,1,5.00,2020-01-01T09:03:09Z
A,B190,Buy,1,5.00,2020-01-01T09:03:10Z
A,B191,Buy,1,5.00,2020-01-01T09:03:11Z
A,B192,Buy,1,5.00,2020-01-01T09:03:12Z
A,B193,Buy,1,5.00,2020-01-01T09:03:13Z
A,B194,Buy,1,5.00,2020-01-01T09:03:14Z
A,B195,Buy,1,5.00,2020-01-01T09:03:15Z
A,B196,Buy,1,5.00,2020-01-01T09:03:16Z
A,B197,Buy,1,5.00,2020-01-01T09:03:17Z
A,B198,Buy,1,5.00,2020-01-01T09:03:18Z
A,B199,Buy,1,5.00,2020-01-01T09:03:19Z
A,B200,Buy,1,5.00,2020-01-01T09:03:20Z
A,B201,Buy,1,5.00,2020-01-01T09:03:21Z
A,B202,Buy,1,5.00,2020-01-01T09:03:22Z
A,B203,Buy,1,5.00,2020-01-01T09:03:23Z
A,B204,Buy,1,5.00,2020-01-01T09:03:24Z
A,B205,Buy,1,5.00,2020-01-01T09:03:25Z
A,B206,Buy,1,5.00,2020-01-01T09:03:26Z
A,B207,Buy,1,5.00,2020-01-01T09:03:27Z
A,B208,Buy,1,5.00,2020-01-01T09:03:28Z
A,B209,Buy,1,5.00,2020-01-01T09:03:29Z
A,B210,Buy,1,5.00,2020-01-01T09:03:30Z
A,B211,Buy,1,5.00,2020-01-01T09:03:31Z
A,B212,Buy,1,5.00,2020-01-01T09:03:32Z
A,B213,Buy,1,5.00,2020-01-01T09:03:33Z
A,B214,Buy,1,5.00,2020-01-01T09:03:34Z
A,B215,Buy,1,5.00,2020-01-01T09:03:35Z
A,B216,Buy,1,5.00,2020-01-01T09:03:36Z
A,B217,Buy,1,5.00,2020-01-01T09:03:37Z
A,B218,Buy,1,5.00,2020-01-01T09:03:38Z
A,B219,Buy,1,5.00,2020-01-01T09:03:39Z
A,B220,Buy,1,5.00,2020-01-01T09:03:40Z
A,B221,Buy,1,5.00,2020-01-01T09:03:41Z
A,B222,Buy,1,5.00,2020-01-01T09:03:42Z
A,B223,Buy,1,5.00,2020-01-01T09:03:43Z
A,B224,Buy,1,5.00,2020-01-01T09:03:44Z
A,B225,Buy,1,5.00,2020-01-01T09:03:45Z
A,B226,Buy,1,5.00,2020-01-01T09:03:46Z
A,B227,Buy,1,5.00,2020-01-01T09:03:47Z
A,B228,Buy,1,5.00,2020-01-01T09:03:48Z
A,B229,Buy,1,5.00,2020-01-01T09:03:49Z
A,B230,Buy,1,5.00,2020-01-01T09:03:50Z
A,B231,Buy,1,5.00,2020-01-01T09:03:51Z
A,B232,Buy,1,5.00,2020-01-01T09:03:52Z
A,B233,Buy,1,5.00,2020-01-01T09:03:53Z
A,B234,Buy,1,5.00,2020-01-01T09:03:54Z
A,B235,Buy,1,5.00,2020-01-01T09:03:55Z
A,B236,Buy,1,5.00,2020-01-01T09:03:56Z
A,B237,Buy,1,5.00,2020-01-01T09:03:57Z
A,B238,Buy,1,5.00,2020-01-01T09:03:58Z
A,B239,Buy,1,5.00,2020-01-01T09:03:59Z
A,B240,Buy,1,5.00,2020-01-01T09:04:00Z
A,B241,Buy,1,5.00,2020-01-01T09:04:01Z
A,B242,Buy,1,5.00,2020-01-01T09:04:02Z
A,B243,Buy,1,5.00,2020-01-01T09:04:03Z
A,B244,Buy,1,5.00,2020-01-01T09:04:04Z
A,B245,Buy,1,5.00,2020-01-01T09:04:05Z
A,B246,Buy,1,5.00,2020-01-01T09:04:06Z
A,B247,Buy,1,5.00,2020-01-01T09:04:07Z
A,B248,Buy,1,5.00,2020-01-01T09:04:08Z
A,B249,Buy,1,5.00,2020-01-01T09:04:09Z
A,B250,Buy,1,5.00,2020-01-01T09:04:10Z
A,B251,Buy,1,5.00,2020-01-01T09:04:11Z
A,B252,Buy,1,5.00,2020-01-01T09:04:12Z
A,B253,Buy,1,5.00,2020-01-01T09:04:13Z
A,B254,Buy,1,5.00,2020-01-01T09:04:14Z
A,B255,Buy,1,5.00,2020-01-01T09:04:15Z
A,B256,Buy,1,5.00,2020-01-01T09:04:16Z
A,B257,Buy,1,5.00,2020-01-01T09:04:17Z
A,B258,Buy,1,5.00,2020-01-01T09:04:18Z
A,B259,Buy,1,5.00,2020-01-01T09:04:19Z
A,B260,Buy,1,5.00,2020-01-01T09:04:20Z
A,B261,Buy,1,5.00,2020-01-01T09:04:21Z
A,B262,Buy,1,5.00,2020-01-01T09:04:22Z
A,B263,Buy,1,5.00,2020-01-01T09:04:23Z
A,B264,Buy,1,5.00,2020-01-01T09:04:24Z
A,B265,Buy,1,5.00,2020-01-01T09:04:25Z
A,B266,Buy,1,5.00,2020-01-01T09:04:26Z
A,B267,Buy,1,5.00,2020-01-01T09:04:27Z
A,B268,Buy,1,5.00,2020-01-01T09:04:28Z
A,B269,Buy,1,5.00,2020-01-01T09:04:29Z
A,B270,Buy,1,5.00,2020-01-01T09:04:30Z
A,B271,Buy,1,5.00,2020-01-01T09:04:31Z
A,B272,Buy,1,5.00,2020-01-01T09:04:32Z
A,B273,Buy,1,5.00,2020-01-01T09:04:33Z
A,B274,Buy,1,5.00,2020-01-01T09:04:34Z
A,B275,Buy,1,5.00,2020-01-01T09:04:35Z
A,B276,Buy,1,5.00,2020-01-01T09:04:36Z
A,B277,Buy,1,5.00,2020-01-01T09:04:37Z
A,B278,Buy,1,5.00,2020-01-01T09:04:38Z
A,B279,Buy,1,5.00,2020-01-01T09:04:39Z
A,B280,Buy,1,5.00,2020-01-01T09:04:40Z
A,B281,Buy,1,5.00,2020-01-01T09:04:41Z
A,B282,Buy,1,5.00,2020-01-01T09:04:42Z
A,B283,Buy,1,5.00,2020-01-01T09:04:43Z
A,B284,Buy,1,5.00,2020-01-01T09:04:44Z
A,B285,Buy,1,5.00,2020-01-01T09:04:45Z
A,B286,Buy,1,5.00,2020-01-01T09:04:46Z
A,B287,Buy,1,5.00,2020-01-01T09:04:47Z
A,B288,Buy,1,5.00,2020-01-01T09:04:48Z
A,B289,Buy,1,5.00,2020-01-01T09:04:49Z
A,B290,Buy,1,5.00,2020-01-01T09:04:50Z
A,B291,Buy,1,5.00,2020-01-01T09:04:51Z
A,B292,Buy,1,5.00,2020-01-01T09:04:52Z
A,B293,Buy,1,5.00,2020-01-01T09:04:53Z
A,B294,Buy,1,5.00,2020-01-01T09:04:54Z
A,B295,Buy,1,5.00,2020-01-01T09:04:55Z
A,B296,Buy,1,5.00,2020-01-01T09:04:56Z
A,B297,Buy,1,5.00,2020-01-01T09:04:57Z
A,B298,Buy,1,5.00,2020-01-01T09:04:58Z
A,B299,Buy,1,5.00,2020-01-01T09:04:59Z
A,B300,Buy,1,5.00,2020-01-01T09:05:00Z
A,B301,Buy,1,5.00,2020-01-01T09:05:01Z
A,B302,Buy,1,5.00,2020-01-01T09:05:02Z
A,B303,Buy,1,5.00,2020-01-01T09:05:03Z
A,B304,Buy,1,5.00,2020-01-01T09:05:04Z
A,B305,Buy,1,5.00,2020-01-01T09:05:05Z
A,B306,Buy,1,5.00,2020-01-01T09:05:06Z
A,B307,Buy,1,5.00,2020-01-01T09:05:07Z
A,B308,Buy,1,5.00,2020-01-01T09:05:08Z
A,B309,Buy,1,5.00,2020-01-01T09:05:09Z
A,B310,Buy,1,5.00,2020-01-01T09:05:10Z
A,B311,Buy,1,5.00,2020-01-01T09:05:11Z
A,B312,Buy,1,5.00,2020-01-01T09:05:12Z
A,B313,Buy,1,5.00,2020-01-01T09:05:13Z
A,B314,Buy,1,5.00,2020-01-01T09:05:14Z
A,B315,Buy,1,5.00,2020-01-01T09:05:15Z
A,B316,Buy,1,5.00,2020-01-01T09:05:16Z
A,B317,Buy,1,5.00,2020-01-01T09:05:17Z
A,B318,Buy,1,5.00,2020-01-01T09:05:18Z
A,B319,Buy,1,5.00,2020-01-01T09:05:19Z
A,B320,Buy,1,5.00,2020-01-01T09:05:20Z
A,B321,Buy,1,5.00,2020-01-01T09:05:21Z
A,B322,Buy,1,5.00,2020-01-01T09:05:22Z
A,B323,Buy,1,5.00,2020-01-01T09:05:23Z
A,B324,Buy,1,5.00,2020-01-01T09:05:24Z
A,B325,Buy,1,5.00,2020-01-01T09:05:25Z
A,B326,Buy,1,5.00,2020-01-01T09:05:26Z
A,B327,Buy,1,5.00,2020-01-01T09:05:27Z
A,B328,Buy,1,5.00,2020-01-01T09:05:28Z
A,B329,Buy,1,5.00,2020-01-01T09:05:29Z
A,B330,Buy,1,5.00,2020-01-01T09:05:30Z
A,B331,Buy,1,5.00,2020-01-01T09:05:31Z
A,B332,Buy,1,5.00,2020-01-01T09:05:32Z
A,B333,Buy,1,5.00,2020-01-01T09:05:33Z
A,B334,Buy,1,5.00,2020-01-01T09:05:34Z
A,B335,Buy,1,5.00,2020-01-01T09:05:35Z
A,B336,Buy,1,5.00,2020-01-01T09:05:36Z
A,B337,Buy,1,5.00,2020-01-01T09:05:37Z
A,B338,Buy,1,5.00,2020-01-01T09:05:38Z
A,B339,Buy,1,5.00,2020-01-01T09:05:39Z
A,B340,Buy,1,5.00,2020-01-01T09:05:40Z
A,B341,Buy,1,5.00,2020-01-01T09:05:41Z
A,B342,Buy,1,5.00,2020-01-01T09:05:42Z
A,B343,Buy,1,5.00,2020-01-01T09:05:43Z
A,B344,Buy,1,5.00,2020-01-01T09:05:44Z
A,B345,Buy,1,5.00,2020-01-01T09:05:45Z
A,B346,Buy,1,5.00,2020-01-01T09:05:46Z
A,B347,Buy,1,5.00,2020-01-01T09:05:47Z
A,B348,Buy,1,5.00,2020-01-01T09:05:48Z
A,B349,Buy,1,5.00,2020-01-01T09:05:49Z
A,B350,Buy,1,5.00,2020-01-01T09:05:50Z
A,B351,Buy,1,5.00,2020-01-01T09:05:51Z
A,B352,Buy,1,5.00,2020-01-01T09:05:52Z
A,B353,Buy,1,5.00,2020-01-01T09:05:53Z
A,B354,Buy,1,5.00,2020-01-01T09:05:54Z
A,B355,Buy,1,5.00,2020-01-01T09:05:55Z
A,B356,Buy,1,5.00,2020-01-01T09:05:56Z
A,B357,Buy,1,5.00,2020-01-01T09:05:57Z
A,B358,Buy,1,5.00,2020-01-01T09:05:58Z
A,B359,Buy,1,5.00,2020-01-01T09:05:59Z
A,B360,Buy,1,5.00,2020-01-01T09:06:00Z
A,B361,Buy,1,5.00,2020-01-01T09:06:01Z
A,B362,Buy,1,5.00,2020-01-01T09:06:02Z
A,B363,Buy,1,5.00,2020-01-01T09:06:03Z
A,B364,Buy,1,5.00,2020-01-01T09:06:04Z
A,B365,Buy,1,5.00,2020-01-01T09:06:05Z
A,B366,Buy,1,5.00,2020-01-01T09:06:06Z
A,B367,Buy,1,5.00,2020-01-01T09:06:07Z
A,B368,Buy,1,5.00,2020-01-01T09:06:08Z
A,B369,Buy,1,5.00,2020-01-01T09:06:09Z
A,B370,Buy,1,5.00,2020-01-01T09:06:10Z
A,B371,Buy,1,5.00,2020-01-01T09:06:11Z
A,B372,Buy,1,5.00,2020-01-01T09:06:12Z
A,B373,Buy,1,5.00,2020-01-01T09:06:13Z
A,B374,Buy,1,5.00,2020-01-01T09:06:14Z
A,B375,Buy,1,5.00,2020-01-01T09:06:15Z
A,B376,Buy,1,5.00,2020-01-01T09:06:16Z
A,B377,Buy,1,5.00,2020-01-01T09:06:17Z
A,B378,Buy,1,5.00,2020-01-01T09:06:18Z
A,B379,Buy,1,5.00,2020-01-01T09:06:19Z
A,B380,Buy,1,5.00,2020-01-01T09:06:20Z
A,B381,Buy,1,5.00,2020-01-01T09:06:21Z
A,B382,Buy,1,5.00,2020-01-01T09:06:22Z
A,B383,Buy,1,5.00,2020-01-01T09:06:23Z
A,B384,Buy,1,5.00,2020-01-01T09:06:24Z
A,B385,Buy,1,5.00,2020-01-01T09:06:25Z
A,B386,Buy,1,5.00,2020-01-01T09:06:26Z
A,B387,Buy,1,5.00,2020-01-01T09:06:27Z
A,B388,Buy,1,5.00,2020-01-01T09:06:28Z
A,B389,Buy,1,5.00,2020-01-01T09:06:29Z
A,B390,Buy,1,5.00,2020-01-01T09:06:30Z
A,B391,Buy,1,5.00,2020-01-01T09:06:31Z
A,B392,Buy,1,5.00,2020-01-01T09:06:32Z
A,B393,Buy,1,5.00,2020-01-01T09:06:33Z
A,B394,Buy,1,5.00,2020-01-01T09:06:34Z
A,B395,Buy,1,5.00,2020-01-01T09:06:35Z
A,B396,Buy,1,5.00,2020-01-01T09:06:36Z
A,B397,Buy,1,5.00,2020-01-01T09:06:37Z
A,B398,Buy,1,5.00,2020-01-01T09:06:38Z
A,B399,Buy,1,5.00,2020-01-01T09:06:39Z
A,B400,Buy,1,5.00,2020-01-01T09:06:40Z
A,B401,Buy,1,5.00,2020-01-01T09:06:41Z
A,B402,Buy,1,5.00,2020-01-01T09:06:42Z
A,B403,Buy,1,5.00,2020-01-01T09:06:43Z
A,B404,Buy,1,5.00,2020-01-01T09:06:44Z
A,B405,Buy,1,5.00,2020-01-01T09:06:45Z
A,B406,Buy,1,5.00,2020-01-01T09:06:46Z
A,B407,Buy,1,5.00,2020-01-01T09:06:47Z
A,B408,Buy,1,5.00,2020-01-01T09:06:48Z
A,B409,Buy,1,5.00,2020-01-01T09:06:49Z
A,B410,Buy,1,5.00,2020-01-01T09:06:50Z
A,B411,Buy,1,5.00,2020-01-01T09:06:51Z
A,B412,Buy,1,5.00,2020-01-01T09:06:52Z
A,B413,Buy,1,5.00,2020-01-01T09:06:53Z
A,B414,Buy,1,5.00,2020-01-01T09:06:54Z
A,B415,Buy,1,5.00,2020-01-01T09:06:55Z
A,B416,Buy,1,5.00,2020-01-01T09:06:56Z
A,B417,Buy,1,5.00,2020-01-01T09:06:57Z
A,B418,Buy,1,5.00,2020-01-01T09:06:58Z
A,B419,Buy,1,5.00,2020-01-01T09:06:59Z
A,B420,Buy,1,5.00,2020-01-01T09:07:00Z
A,B421,Buy,1,5.00,2020-01-01T09:07:01Z
A,B422,Buy,1,5.00,2020-01-01T09:07:02Z
A,B423,Buy,1,5.00,2020-01-01T09:07:03Z
A,B424,Buy,1,5.00,2020-01-01T09:07:04Z
A,B425,Buy,1,5.00,2020-01-01T09:07:05Z
A,B426,Buy,1,5.00,2020-01-01T09:07:06Z
A,B427,Buy,1,5.00,2020-01-01T09:07:07Z
A,B428,Buy,1,5.00,2020-01-01T09:07:08Z
A,B429,Buy,1,5.00,2020-01-01T09:07:09Z
A,B430,Buy,1,5.00,2020-01-01T09:07:10Z
A,B431,Buy,1,5.00,2020-01-01T09:07:11Z
A,B432,Buy,1,5.00,2020-01-01T09:07:12Z
A,B433,Buy,1,5.00,2020-01-01T09:07:13Z
A,B434,Buy,1,5.00,2020-01-01T09:07:14Z
A,B435,Buy,1,5.00,2020-01-01T09:07:15Z
A,B436,Buy,1,5.00,2020-01-01T09:07:16Z
A,B437,Buy,1,5.00,2020-01-01T09:07:17Z
A,B438,Buy,1,5.00,2020-01-01T09:07:18Z
A,B439,Buy,1,5.00,2020-01-01T09:07:19Z
A,B440,Buy,1,5.00,2020-01-01T09:07:20Z
A,B441,Buy,1,5.00,2020-01-01T09:07:21Z
A,B442,Buy,1,5.00,2020-01-01T09:07:22Z
A,B443,Buy,1,5.00,2020-01-01T09:07:23Z
A,B444,Buy,1,5.00,2020-01-01T09:07:24Z
A,B445,Buy,1,5.00,2020-01-01T09:07:25Z
A,B446,Buy,1,5.00,2020-01-01T09:07:26Z
A,B447,Buy,1,5.00,2020-01-01T09:07:27Z
A,B448,Buy,1,5.00,2020-01-01T09:07:28Z
A,B449,Buy,1,5.00,2020-01-01T09:07:29Z
A,B450,Buy,1,5.00,2020-01-01T09:07:30Z
A,B451,Buy,1,5.00,2020-01-01T09:07:31Z
A,B452,Buy,1,5.00,2020-01-01T09:07:32Z
A,B453,Buy,1,5.00,2020-01-01T09:07:33Z
A,B454,Buy,1,5.00,2020-01-01T09:07:34Z
A,B455,Buy,1,5.00,2020-01-01T09:07:35Z
A,B456,Buy,1,5.00,2020-01-01T09:07:36Z
A,B457,Buy,1,5.00,2020-01-01T09:07:37Z
A,B458,Buy,1,5.00,2020-01-01T09:07:38Z
A,B459,Buy,1,5.00,2020-01-01T09:07:39Z
A,B460,Buy,1,5.00,2020-01-01T09:07:40Z
A,B461,Buy,1,5.00,2020-01-01T09:07:41Z
A,B462,Buy,1,5.00,2020-01-01T09:07:42Z
A,B463,Buy,1,5.00,2020-01-01T09:07:43Z
A,B464,Buy,1,5.00,2020-01-01T09:07:44Z
A,B465,Buy,1,5.00,2020-01-01T09:07:45Z
A,B466,Buy,1,5.00,2020-01-01T09:07:46Z
A,B467,Buy,1,5.00,2020-01-01T09:07:47Z
A,B468,Buy,1,5.00,2020-01-01T09:07:48Z
A,B469,Buy,1,5.00,2020-01-01T09:07:49Z
A,B470,Buy,1,5.00,2020-01-01T09:07:50Z
A,B471,Buy,1,5.00,2020-01-01T09:07:51Z
A,B472,Buy,1,5.00,2020-01-01T09:07:52Z
A,B473,Buy,1,5.00,2020-01-01T09:07:53Z
A,B474,Buy,1,5.00,2020-01-01T09:07:54Z
A,B475,Buy,1,5.00,2020-01-01T09:07:55Z
A,B476,Buy,1,5.00,2020-01-01T09:07:56Z
A,B477,Buy,1,5.00,2020-01-01T09:07:57Z
A,B478,Buy,1,5.00,2020-01-01T09:07:58Z
A,B479,Buy,1,5.00,2020-01-01T09:07:59Z
A,B480,Buy,1,5.00,2020-01-01T09:08:00Z
A,B481,Buy,1,5.00,2020-01-01T09:08:01Z
A,B482,Buy,1,5.00,2020-01-01T09:08:02Z
A,B483,Buy,1,5.00,2020-01-01T09:08:03Z
A,B484,Buy,1,5.00,2020-01-01T09:08:04Z
A,B485,Buy,1,5.00,2020-01-01T09:08:05Z
A,B486,Buy,1,5.00,2020-01-01T09:08:06Z
A,B487,Buy,1,5.00,2020-01-01T09:08:07Z
A,B488,Buy,1,5.00,2020-01-01T09:08:08Z
A,B489,Buy,1,5.00,2020-01-01T09:08:09Z
A,B490,Buy,1,5.00,2020-01-01T09:08:10Z
A,B491,Buy,1,5.00,2020-01-01T09:08:11Z
A,B492,Buy,1,5.00,2020-01-01T09:08:12Z
A,B493,Buy,1,5.00,2020-01-01T09:08:13Z
A,B494,Buy,1,5.00,2020-01-01T09:08:14Z
A,B495,Buy,1,5.00,2020-01-01T09:08:15Z
A,B496,Buy,1,5.00,2020-01-01T09:08:16Z
A,B497,Buy,1,5.00,2020-01-01T09:08:17Z
A,B498,Buy,1,5.00,2020-01-01T09:08:18Z
A,B499,Buy,1,5.00,2020-01-01T09:08:19Z
A,B500,Buy,1,5.00,2020-01-01T09:08:20Z
A,B501,Buy,1,5.00,2020-01-01T09:08:21Z
A,B502,Buy,1,5.00,2020-01-01T09:08:22Z
A,B503,Buy,1,5.00,2020-01-01T09:08:23Z
A,B504,Buy,1,5.00,2020-01-01T09:08:24Z
A,B505,Buy,1,5.00,2020-01-01T09:08:25Z
A,B506,Buy,1,5.00,2020-01-01T09:08:26Z
A,B507,Buy,1,5.00,2020-01-01T09:08:27Z
A,B508,Buy,1,5.00,2020-01-01T09:08:28Z
A,B509,Buy,1,5.00,2020-01-01T09:08:29Z
A,B510,Buy,1,5.00,2020-01-01T09:08:30Z
A,B511,Buy,1,5.00,2020-01-01T09:08:31Z
A,B512,Buy,1,5.00,2020-01-01T09:08:32Z
A,B513,Buy,1,5.00,2020-01-01T09:08:33Z
A,B514,Buy,1,5.00,2020-01-01T09:08:34Z
A,B515,Buy,1,5.00,2020-01-01T09:08:35Z
A,B516,Buy,1,5.00,2020-01-01T09:08:36Z
A,B517,Buy,1,5.00,2020-01-01T09:08:37Z
A,B518,Buy,1,5.00,2020-01-01T09:08:38Z
A,B519,Buy,1,5.00,2020-01-01T09:08:39Z
A,B520,Buy,1,5.00,2020-01-01T09:08:40Z
A,B521,Buy,1,5.00,2020-01-01T09:08:41Z
A,B522,Buy,1,5.00,2020-01-01T09:08:42Z
A,B523,Buy,1,5.00,2020-01-01T09:08:43Z
A,B524,Buy,1,5.00,2020-01-01T09:08:44Z
A,B525,Buy,1,5.00,2020-01-01T09:08:45Z
A,B526,Buy,1,5.00,2020-01-01T09:08:46Z
A,B527,Buy,1,5.00,2020-01-01T09:08:47Z
A,B528,Buy,1,5.00,2020-01-01T09:08:48Z
A,B529,Buy,1,5.00,2020-01-01T09:08:49Z
A,B530,Buy,1,5.00,2020-01-01T09:08:50Z
A,B531,Buy,1,5.00,2020-01-01T09:08:51Z
A,B532,Buy,1,5.00,2020-01-01T09:08:52Z
A,B533,Buy,1,5.00,2020-01-01T09:08:53Z
A,B534,Buy,1,5.00,2020-01-01T09:08:54Z
A,B535,Buy,1,5.00,2020-01-01T09:08:55Z
A,B536,Buy,1,5.00,2020-01-01T09:08:56Z
A,B537,Buy,1,5.00,2020-01-01T09:08:57Z
A,B538,Buy,1,5.00,2020-01-01T09:08:58Z
A,B539,Buy,1,5.00,2020-01-01T09:08:59Z
A,B540,Buy,1,5.00,2020-01-01T09:09:00Z
A,B541,Buy,1,5.00,2020-01-01T09:09:01Z
A,B542,Buy,1,5.00,2020-01-01T09:09:02Z
A,B543,Buy,1,5.00,2020-01-01T09:09:03Z
A,B544,Buy,1,5.00,2020-01-01T09:09:04Z
A,B545,Buy,1,5.00,2020-01-01T09:09:05Z
A,B546,Buy,1,5.00,2020-01-01T09:09:06Z
A,B547,Buy,1,5.00,2020-01-01T09:09:07Z
A,B548,Buy,1,5.00,2020-01-01T09:09:08Z
A,B549,Buy,1,5.00,2020-01-01T09:09:09Z
A,B550,Buy,1,5.00,2020-01-01T09:09:10Z
A,B551,Buy,1,5.00,2020-01-01T09:09:11Z
A,B552,Buy,1,5.00,2020-01-01T09:09:12Z
A,B553,Buy,1,5.00,2020-01-01T09:09:13Z
A,B554,Buy,1,5.00,2020-01-01T09:09:14Z
A,B555,Buy,1,5.00,2020-01-01T09:09:15Z
A,B556,Buy,1,5.00,2020-01-01T09:09:16Z
A,B557,Buy,1,5.00,2020-01-01T09:09:17Z
A,B558,Buy,1,5.00,2020-01-01T09:09:18Z
A,B559,Buy,1,5.00,2020-01-01T09:09:19Z
A,B560,Buy,1,5.00,2020-01-01T09:09:20Z
A,B561,Buy,1,5.00,2020-01-01T09:09:21Z
A,B562,Buy,1,5.00,2020-01-01T09:09:22Z
A,B563,Buy,1,5.00,2020-01-01T09:09:23Z
A,B564,Buy,1,5.00,2020-01-01T09:09:24Z
A,B565,Buy,1,5.00,2020-01-01T09:09:25Z
A,B566,Buy,1,5.00,2020-01-01T09:09:26Z
A,B567,Buy,1,5.00,2020-01-01T09:09:27Z
A,B568,Buy,1,5.00,2020-01-01T09:09:28Z
A,B569,Buy,1,5.00,2020-01-01T09:09:29Z
A,B570,Buy,1,5.00,2020-01-01T09:09:30Z
A,B571,Buy,1,5.00,2020-01-01T09:09:31Z
A,B572,Buy,1,5.00,2020-01-01T09:09:32Z
A,B573,Buy,1,5.00,2020-01-01T09:09:33Z
A,B574,Buy,1,5.00,2020-01-01T09:09:34Z
A,B575,Buy,1,5.00,2020-01-01T09:09:35Z
A,B576,Buy,1,5.00,2020-01-01T09:09:36Z
A,B577,Buy,1,5.00,2020-01-01T09:09:37Z
A,B578,Buy,1,5.00,2020-01-01T09:09:38Z
A,B579,Buy,1,5.00,2020-01-01T09:09:39Z
A,B580,Buy,1,5.00,2020-01-01T09:09:40Z
A,B581,Buy,1,5.00,2020-01-01T09:09:41Z
A,B582,Buy,1,5.00,2020-01-01T09:09:42Z
A,B583,Buy,1,5.00,2020-01-01T09:09:43Z
A,B584,Buy,1,5.00,2020-01-01T09:09:44Z
A,B585,Buy,1,5.00,2020-01-01T09:09:45Z
A,B586,Buy,1,5.00,2020-01-01T09:09:46Z
A,B587,Buy,1,5.00,2020-01-01T09:09:47Z
A,B588,Buy,1,5.00,2020-01-01T09:09:48Z
A,B589,Buy,1,5.00,2020-01-01T09:09:49Z
A,B590,Buy,1,5.00,2020-01-01T09:09:50Z
A,B591,Buy,1,5.00,2020-01-01T09:09:51Z
A,B592,Buy,1,5.00,2020-01-01T09:09:52Z
A,B593,Buy,1,5.00,2020-01-01T09:09:53Z
A,B594,Buy,1,5.00,2020-01-01T09:09:54Z
A,B595,Buy,1,5.00,2020-01-01T09:09:55Z
A,B596,Buy,1,5.00,2020-01-01T09:09:56Z
A,B597,Buy,1,5.00,2020-01-01T09:09:57Z
A,B598,Buy,1,5.00,2020-01-01T09:09:58Z
A,B599,Buy,1,5.00,2020-01-01T09:09:59Z
A,B600,Buy,1,5.00,2020-01-01T09:10:00Z
A,B601,Buy,1,5.00,2020-01-01T09:10:01Z
A,B602,Buy,1,5.00,2020-01-01T09:10:02Z
A,B603,Buy,1,5.00,2020-01-01T09:10:03Z
A,B604,Buy,1,5.00,2020-01-01T09:10:04Z
A,B605,Buy,1,5.00,2020-01-01T09:10:05Z
A,B606,Buy,1,5.00,2020-01-01T09:10:06Z
A,B607,Buy,1,5.00,2020-01-01T09:10:07Z
A,B608,Buy,1,5.00,2020-01-01T09:10:08Z
A,B609,Buy,1,5.00,2020-01-01T09:10:09Z
A,B610,Buy,1,5.00,2020-01-01T09:10:10Z
A,B611,Buy,1,5.00,2020-01-01T09:10:11Z
A,B612,Buy,1,5.00,2020-01-01T09:10:12Z
A,B613,Buy,1,5.00,2020-01-01T09:10:13Z
A,B614,Buy,1,5.00,2020-01-01T09:10:14Z
A,B615,Buy,1,5.00,2020-01-01T09:10:15Z
A,B616,Buy,1,5.00,2020-01-01T09:10:16Z
A,B617,Buy,1,5.00,2020-01-01T09:10:17Z
A,B618,Buy,1,5.00,2020-01-01T09:10:18Z
A,B619,Buy,1,5.00,2020-01-01T09:10:19Z
A,B620,Buy,1,5.00,2020-01-01T09:10:20Z
A,B621,Buy,1,5.00,2020-01-01T09:10:21Z
A,B622,Buy,1,5.00,2020-01-01T09:10:22Z
A,B623,Buy,1,5.00,2020-01-01T09:10:23Z
A,B624,Buy,1,5.00,2020-01-01T09:10:24Z
A,B625,Buy,1,5.00,2020-01-01T09:10:25Z
A,B626,Buy,1,5.00,2020-01-01T09:10:26Z
A,B627,Buy,1,5.00,2020-01-01T09:10:27Z
A,B628,Buy,1,5.00,2020-01-01T09:10:28Z
A,B629,Buy,1,5.00,2020-01-01T09:10:29Z
A,B630,Buy,1,5.00,2020-01-01T09:10:30Z
A,B631,Buy,1,5.00,2020-01-01T09:10:31Z
A,B632,Buy,1,5.00,2020-01-01T09:10:32Z
A,B633,Buy,1,5.00,2020-01-01T09:10:33Z
A,B634,Buy,1,5.00,2020-01-01T09:10:34Z
A,B635,Buy,1,5.00,2020-01-01T09:10:35Z
A,B636,Buy,1,5.00,2020-01-01T09:10:36Z
A,B637,Buy,1,5.00,2020-01-01T09:10:37Z
A,B638,Buy,1,5.00,2020-01-01T09:10:38Z
A,B639,Buy,1,5.00,2020-01-01T09:10:39Z
A,B640,Buy,1,5.00,2020-01-01T09:10:40Z
A,B641,Buy,1,5.00,2020-01-01T09:10:41Z
A,B642,Buy,1,5.00,2020-01-01T09:10:42Z
A,B643,Buy,1,5.00,2020-01-01T09:10:43Z
A,B644,Buy,1,5.00,2020-01-01T09:10:44Z
A,B645,Buy,1,5.00,2020-01-01T09:10:45Z
A,B646,Buy,1,5.00,2020-01-01T09:10:46Z
A,B647,Buy,1,5.00,2020-01-01T09:10:47Z
A,B648,Buy,1,5.00,2020-01-01T09:10:48Z
A,B649,Buy,1,5.00,2020-01-01T09:10:49Z
A,B650,Buy,1,5.00,2020-01-01T09:10:50Z
A,B651,Buy,1,5.00,2020-01-01T09:10:51Z
A,B652,Buy,1,5.00,2020-01-01T09:10:52Z
A,B653,Buy,1,5.00,2020-01-01T09:10:53Z
A,B654,Buy,1,5.00,2020-01-01T09:10:54Z
A,B655,Buy,1,5.00,2020-01-01T09:10:55Z
A,B656,Buy,1,5.00,2020-01-01T09:10:56Z
A,B657,Buy,1,5.00,2020-01-01T09:10:57Z
A,B658,Buy,1,5.00,2020-01-01T09:10:58Z
A,B659,Buy,1,5.00,2020-01-01T09:10:59Z
A,B660,Buy,1,5.00,2020-01-01T09:11:00Z
A,B661,Buy,1,5.00,2020-01-01T09:11:01Z
A,B662,Buy,1,5.00,2020-01-01T09:11:02Z
A,B663,Buy,1,5.00,2020-01-01T09:11:03Z
A,B664,Buy,1,5.00,2020-01-01T09:11:04Z
A,B665,Buy,1,5.00,2020-01-01T09:11:05Z
A,B666,Buy,1,5.00,2020-01-01T09:11:06Z
A,B667,Buy,1,5.00,2020-01-01T09:11:07Z
A,B668,Buy,1,5.00,2020-01-01T09:11:08Z
A,B669,Buy,1,5.00,2020-01-01T09:11:09Z
A,B670,Buy,1,5.00,2020-01-01T09:11:10Z
A,B671,Buy,1,5.00,2020-01-01T09:11:11Z
A,B672,Buy,1,5.00,2020-01-01T09:11:12Z
A,B673,Buy,1,5.00,2020-01-01T09:11:13Z
A,B674,Buy,1,5.00,2020-01-01T09:11:14Z
A,B675,Buy,1,5.00,2020-01-01T09:11:15Z
A,B676,Buy,1,5.00,2020-01-01T09:11:16Z
A,B677,Buy,1,5.00,2020-01-01T09:11:17Z
A,B678,Buy,1,5.00,2020-01-01T09:11:18Z
A,B679,Buy,1,5.00,2020-01-01T09:11:19Z
A,B680,Buy,1,5.00,2020-01-01T09:11:20Z
A,B681,Buy,1,5.00,2020-01-01T09:11:21Z
A,B682,Buy,1,5.00,2020-01-01T09:11:22Z
A,B683,Buy,1,5.00,2020-01-01T09:11:23Z
A,B684,Buy,1,5.00,2020-01-01T09:11:24Z
A,B685,Buy,1,5.00,2020-01-01T09:11:25Z
A,B686,Buy,1,5.00,2020-01-01T09:11:26Z
A,B687,Buy,1,5.00,2020-01-01T09:11:27Z
A,B688,Buy,1,5.00,2020-01-01T09:11:28Z
A,B689,Buy,1,5.00,2020-01-01T09:11:29Z
A,B690,Buy,1,5.00,2020-01-01T09:11:30Z
A,B691,Buy,1,5.00,2020-01-01T09:11:31Z
A,B692,Buy,1,5.00,2020-01-01T09:11:32Z
A,B693,Buy,1,5.00,2020-01-01T09:11:33Z
A,B694,Buy,1,5.00,2020-01-01T09:11:34Z
A,B695,Buy,1,5.00,2020-01-01T09:11:35Z
A,B696,Buy,1,5.00,2020-01-01T09:11:36Z
A,B697,Buy,1,5.00,2020-01-01T09:11:37Z
A,B698,Buy,1,5.00,2020-01-01T09:11:38Z
A,B699,Buy,1,5.00,2020-01-01T09:11:39Z
A,B700,Buy,1,5.00,2020-01-01T09:11:40Z
A,B701,Buy,1,5.00,2020-01-01T09:11:41Z
A,B702,Buy,1,5.00,2020-01-01T09:11:42Z
A,B703,Buy,1,5.00,2020-01-01T09:11:43Z
A,B704,Buy,1,5.00,2020-01-01T09:11:44Z
A,B705,Buy,1,5.00,2020-01-01T09:11:45Z
A,B706,Buy,1,5.00,2020-01-01T09:11:46Z
A,B707,Buy,1,5.00,2020-01-01T09:11:47Z
A,B708,Buy,1,5.00,2020-01-01T09:11:48Z
A,B709,Buy,1,5.00,2020-01-01T09:11:49Z
A,B710,Buy,1,5.00,2020-01-01T09:11:50Z
A,B711,Buy,1,5.00,2020-01-01T09:11:51Z
A,B712,Buy,1,5.00,2020-01-01T09:11:52Z
A,B713,Buy,1,5.00,2020-01-01T09:11:53Z
A,B714,Buy,1,5.00,2020-01-01T09:11:54Z
A,B715,Buy,1,5.00,2020-01-01T09:11:55Z
A,B716,Buy,1,5.00,2020-01-01T09:11:56Z
A,B717,Buy,1,5.00,2020-01-01T09:11:57Z
A,B718,Buy,1,5.00,2020-01-01T09:11:58Z
A,B719,Buy,1,5.00,2020-01-01T09:11:59Z
A,B720,Buy,1,5.00,2020-01-01T09:12:00Z
A,B721,Buy,1,5.00,2020-01-01T09:12:01Z
A,B722,Buy,1,5.00,2020-01-01T09:12:02Z
A,B723,Buy,1,5.00,2020-01-01T09:12:03Z
A,B724,Buy,1,5.00,2020-01-01T09:12:04Z
A,B725,Buy,1,5.00,2020-01-01T09:12:05Z
A,B726,Buy,1,5.00,2020-01-01T09:12:06Z
A,B727,Buy,1,5.00,2020-01-01T09:12:07Z
A,B728,Buy,1,5.00,2020-01-01T09:12:08Z
A,B729,Buy,1,5.00,2020-01-01T09:12:09Z
A,B730,Buy,1,5.00,2020-01-01T09:12:10Z
A,B731,Buy,1,5.00,2020-01-01T09:12:11Z
A,B732,Buy,1,5.00,2020-01-01T09:12:12Z
A,B733,Buy,1,5.00,2020-01-01T09:12:13Z
A,B734,Buy,1,5.00,2020-01-01T09:12:14Z
A,B735,Buy,1,5.00,2020-01-01T09:12:15Z
A,B736,Buy,1,5.00,2020-01-01T09:12:16Z
A,B737,Buy,1,5.00,2020-01-01T09:12:17Z
A,B738,Buy,1,5.00,2020-01-01T09:12:18Z
A,B739,Buy,1,5.00,2020-01-01T09:12:19Z
A,B740,Buy,1,5.00,2020-01-01T09:12:20Z
A,B741,Buy,1,5.00,2020-01-01T09:12:21Z
A,B742,Buy,1,5.00,2020-01-01T09:12:22Z
A,B743,Buy,1,5.00,2020-01-01T09:12:23Z
A,B744,Buy,1,5.00,2020-01-01T09:12:24Z
A,B745,Buy,1,5.00,2020-01-01T09:12:25Z
A,B746,Buy,1,5.00,2020-01-01T09:12:26Z
A,B747,Buy,1,5.00,2020-01-01T09:12:27Z
A,B748,Buy,1,5.00,2020-01-01T09:12:28Z
A,B749,Buy,1,5.00,2020-01-01T09:12:29Z
A,B750,Buy,1,5.00,2020-01-01T09:12:30Z
A,B751,Buy,1,5.00,2020-01-01T09:12:31Z
A,B752,Buy,1,5.00,2020-01-01T09:12:32Z
A,B753,Buy,1,5.00,2020-01-01T09:12:33Z
A,B754,Buy,1,5.00,2020-01-01T09:12:34Z
A,B755,Buy,1,5.00,2020-01-01T09:12:35Z
A,B756,Buy,1,5.00,2020-01-01T09:12:36Z
A,B757,Buy,1,5.00,2020-01-01T09:12:37Z
A,B758,Buy,1,5.00,2020-01-01T09:12:38Z
A,B759,Buy,1,5.00,2020-01-01T09:12:39Z
A,B760,Buy,1,5.00,2020-01-01T09:12:40Z
A,B761,Buy,1,5.00,2020-01-01T09:12:41Z
A,B762,Buy,1,5.00,2020-01-01T09:12:42Z
A,B763,Buy,1,5.00,2020-01-01T09:12:43Z
A,B764,Buy,1,5.00,2020-01-01T09:12:44Z
A,B765,Buy,1,5.00,2020-01-01T09:12:45Z
A,B766,Buy,1,5.00,2020-01-01T09:12:46Z
A,B767,Buy,1,5.00,2020-01-01T09:12:47Z
A,B768,Buy,1,5.00,2020-01-01T09:12:48Z
A,B769,Buy,1,5.00,2020-01-01T09:12:49Z
A,B770,Buy,1,5.00,2020-01-01T09:12:50Z
A,B771,Buy,1,5.00,2020-01-01T09:12:51Z
A,B772,Buy,1,5.00,2020-01-01T09:12:52Z
A,B773,Buy,1,5.00,2020-01-01T09:12:53Z
A,B774,Buy,1,5.00,2020-01-01T09:12:54Z
A,B775,Buy,1,5.00,2020-01-01T09:12:55Z
A,B776,Buy,1,5.00,2020-01-01T09:12:56Z
A,B777,Buy,1,5.00,2020-01-01T09:12:57Z
A,B778,Buy,1,5.00,2020-01-01T09:12:58Z
A,B779,Buy,1,5.00,2020-01-01T09:12:59Z
A,B780,Buy,1,5.00,2020-01-01T09:13:00Z
A,B781,Buy,1,5.00,2020-01-01T09:13:01Z
A,B782,Buy,1,5.00,2020-01-01T09:13:02Z
A,B783,Buy,1,5.00,2020-01-01T09:13:03Z
A,B784,Buy,1,5.00,2020-01-01T09:13:04Z
A,B785,Buy,1,5.00,2020-01-01T09:13:05Z
A,B786,Buy,1,5.00,2020-01-01T09:13:06Z
A,B787,Buy,1,5.00,2020-01-01T09:13:07Z
A,B788,Buy,1,5.00,2020-01-01T09:13:08Z
A,B789,Buy,1,5.00,2020-01-01T09:13:09Z
A,B790,Buy,1,5.00,2020-01-01T09:13:10Z
A,B791,Buy,1,5.00,2020-01-01T09:13:11Z
A,B792,Buy,1,5.00,2020-01-01T09:13:12Z
A,B793,Buy,1,5.00,2020-01-01T09:13:13Z
A,B794,Buy,1,5.00,2020-01-01T09:13:14Z
A,B795,Buy,1,5.00,2020-01-01T09:13:15Z
A,B796,Buy,1,5.00,2020-01-01T09:13:16Z
A,B797,Buy,1,5.00,2020-01-01T09:13:17Z
A,B798,Buy,1,5.00,2020-01-01T09:13:18Z
A,B799,Buy,1,5.00,2020-01-01T09:13:19Z
A,B800,Buy,1,5.00,2020-01-01T09:13:20Z
A,B801,Buy,1,5.00,2020-01-01T09:13:21Z
A,B802,Buy,1,5.00,2020-01-01T09:13:22Z
A,B803,Buy,1,5.00,2020-01-01T09:13:23Z
A,B804,Buy,1,5.00,2020-01-01T09:13:24Z
A,B805,Buy,1,5.00,2020-01-01T09:13:25Z
A,B806,Buy,1,5.00,2020-01-01T09:13:26Z
A,B807,Buy,1,5.00,2020-01-01T09:13:27Z
A,B808,Buy,1,5.00,2020-01-01T09:13:28Z
A,B809,Buy,1,5.00,2020-01-01T09:13:29Z
A,B810,Buy,1,5.00,2020-01-01T09:13:30Z
A,B811,Buy,1,5.00,2020-01-01T09:13:31Z
A,B812,Buy,1,5.00,2020-01-01T09:13:32Z
A,B813,Buy,1,5.00,2020-01-01T09:13:33Z
A,B814,Buy,1,5.00,2020-01-01T09:13:34Z
A,B815,Buy,1,5.00,2020-01-01T09:13:35Z
A,B816,Buy,1,5.00,2020-01-01T09:13:36Z
A,B817,Buy,1,5.00,2020-01-01T09:13:37Z
A,B818,Buy,1,5.00,2020-01-01T09:13:38Z
A,B819,Buy,1,5.00,2020-01-01T09:13:39Z
A,B820,Buy,1,5.00,2020-01-01T09:13:40Z
A,B821,Buy,1,5.00,2020-01-01T09:13:41Z
A,B822,Buy,1,5.00,2020-01-01T09:13:42Z
A,B823,Buy,1,5.00,2020-01-01T09:13:43Z
A,B824,Buy,1,5.00,2020-01-01T09:13:44Z
A,B825,Buy,1,5.00,2020-01-01T09:13:45Z
A,B826,Buy,1,5.00,2020-01-01T09:13:46Z
A,B827,Buy,1,5.00,2020-01-01T09:13:47Z
A,B828,Buy,1,5.00,2020-01-01T09:13:48Z
A,B829,Buy,1,5.00,2020-01-01T09:13:49Z
A,B830,Buy,1,5.00,2020-01-01T09:13:50Z
A,B831,Buy,1,5.00,2020-01-01T09:13:51Z
A,B832,Buy,1,5.00,2020-01-01T09:13:52Z
A,B833,Buy,1,5.00,2020-01-01T09:13:53Z
A,B834,Buy,1,5.00,2020-01-01T09:13:54Z
A,B835,Buy,1,5.00,2020-01-01T09:13:55Z
A,B836,Buy,1,5.00,2020-01-01T09:13:56Z
A,B837,Buy,1,5.00,2020-01-01T09:13:57Z
A,B838,Buy,1,5.00,2020-01-01T09:13:58Z
A,B839,Buy,1,5.00,2020-01-01T09:13:59Z
A,B840,Buy,1,5.00,2020-01-01T09:14:00Z
A,B841,Buy,1,5.00,2020-01-01T09:14:01Z
A,B842,Buy,1,5.00,2020-01-01T09:14:02Z
A,B843,Buy,1,5.00,2020-01-01T09:14:03Z
A,B844,Buy,1,5.00,2020-01-01T09:14:04Z
A,B845,Buy,1,5.00,2020-01-01T09:14:05Z
A,B846,Buy,1,5.00,2020-01-01T09:14:06Z
A,B847,Buy,1,5.00,2020-01-01T09:14:07Z
A,B848,Buy,1,5.00,2020-01-01T09:14:08Z
A,B849,Buy,1,5.00,2020-01-01T09:14:09Z
A,B850,Buy,1,5.00,2020-01-01T09:14:10Z
A,B851,Buy,1,5.00,2020-01-01T09:14:11Z
A,B852,Buy,1,5.00,2020-01-01T09:14:12Z
A,B853,Buy,1,5.00,2020-01-01T09:14:13Z
A,B854,Buy,1,5.00,2020-01-01T09:14:14Z
A,B855,Buy,1,5.00,2020-01-01T09:14:15Z
A,B856,Buy,1,5.00,2020-01-01T09:14:16Z
A,B857,Buy,1,5.00,2020-01-01T09:14:17Z
A,B858,Buy,1,5.00,2020-01-01T09:14:18Z
A,B859,Buy,1,5.00,2020-01-01T09:14:19Z
A,B860,Buy,1,5.00,2020-01-01T09:14:20Z
A,B861,Buy,1,5.00,2020-01-01T09:14:21Z
A,B862,Buy,1,5.00,2020-01-01T09:14:22Z
A,B863,Buy,1,5.00,2020-01-01T09:14:23Z
A,B864,Buy,1,5.00,2020-01-01T09:14:24Z
A,B865,Buy,1,5.00,2020-01-01T09:14:25Z
A,B866,Buy,1,5.00,2020-01-01T09:14:26Z
A,B867,Buy,1,5.00,2020-01-01T09:14:27Z
A,B868,Buy,1,5.00,2020-01-01T09:14:28Z
A,B869,Buy,1,5.00,2020-01-01T09:14:29Z
A,B870,Buy,1,5.00,2020-01-01T09:14:30Z
A,B871,Buy,1,5.00,2020-01-01T09:14:31Z
A,B872,Buy,1,5.00,2020-01-01T09:14:32Z
A,B873,Buy,1,5.00,2020-01-01T09:14:33Z
A,B874,Buy,1,5.00,2020-01-01T09:14:34Z
A,B875,Buy,1,5.00,2020-01-01T09:14:35Z
A,B876,Buy,1,5.00,2020-01-01T09:14:36Z
A,B877,Buy,1,5.00,2020-01-01T09:14:37Z
A,B878,Buy,1,5.00,2020-01-01T09:14:38Z
A,B879,Buy,1,5.00,2020-01-01T09:14:39Z
A,B880,Buy,1,5.00,2020-01-01T09:14:40Z
A,B881,Buy,1,5.00,2020-01-01T09:14:41Z
A,B882,Buy,1,5.00,2020-01-01T09:14:42Z
A,B883,Buy,1,5.00,2020-01-01T09:14:43Z
A,B884,Buy,1,5.00,2020-01-01T09:14:44Z
A,B885,Buy,1,5.00,2020-01-01T09:14:45Z
A,B886,Buy,1,5.00,2020-01-01T09:14:46Z
A,B887,Buy,1,5.00,2020-01-01T09:14:47Z
A,B888,Buy,1,5.00,2020-01-01T09:14:48Z
A,B889,Buy,1,5.00,2020-01-01T09:14:49Z
A,B890,Buy,1,5.00,2020-01-01T09:14:50Z
A,B891,Buy,1,5.00,2020-01-01T09:14:51Z
A,B892,Buy,1,5.00,2020-01-01T09:14:52Z
A,B893,Buy,1,5.00,2020-01-01T09:14:53Z
A,B894,Buy,1,5.00,2020-01-01T09:14:54Z
A,B895,Buy,1,5.00,2020-01-01T09:14:55Z
A,B896,Buy,1,5.00,2020-01-01T09:14:56Z
A,B897,Buy,1,5.00,2020-01-01T09:14:57Z
A,B898,Buy,1,5.00,2020-01-01T09:14:58Z
A,B899,Buy,1,5.00,2020-01-01T09:14:59Z
A,B900,Buy,1,5.00,2020-01-01T09:15:00Z
A,B901,Buy,1,5.00,2020-01-01T09:15:01Z
A,B902,Buy,1,5.00,2020-01-01T09:15:02Z
A,B903,Buy,1,5.00,2020-01-01T09:15:03Z
A,B904,Buy,1,5.00,2020-01-01T09:15:04Z
A,B905,Buy,1,5.00,2020-01-01T09:15:05Z
A,B906,Buy,1,5.00,2020-01-01T09:15:06Z
A,B907,Buy,1,5.00,2020-01-01T09:15:07Z
A,B908,Buy,1,5.00,2020-01-01T09:15:08Z
A,B909,Buy,1,5.00,2020-01-01T09:15:09Z
A,B910,Buy,1,5.00,2020-01-01T09:15:10Z
A,B911,Buy,1,5.00,2020-01-01T09:15:11Z
A,B912,Buy,1,5.00,2020-01-01T09:15:12Z
A,B913,Buy,1,5.00,2020-01-01T09:15:13Z
A,B914,Buy,1,5.00,2020-01-01T09:15:14Z
A,B915,Buy,1,5.00,2020-01-01T09:15:15Z
A,B916,Buy,1,5.00,2020-01-01T09:15:16Z
A,B917,Buy,1,5.00,2020-01-01T09:15:17Z
A,B918,Buy,1,5.00,2020-01-01T09:15:18Z
A,B919,Buy,1,5.00,2020-01-01T09:15:19Z
A,B920,Buy,1,5.00,2020-01-01T09:15:20Z
A,B921,Buy,1,5.00,2020-01-01T09:15:21Z
A,B922,Buy,1,5.00,2020-01-01T09:15:22Z
A,B923,Buy,1,5.00,2020-01-01T09:15:23Z
A,B924,Buy,1,5.00,2020-01-01T09:15:24Z
A,B925,Buy,1,5.00,2020-01-01T09:15:25Z
A,B926,Buy,1,5.00,2020-01-01T09:15:26Z
A,B927,Buy,1,5.00,2020-01-01T09:15:27Z
A,B928,Buy,1,5.00,2020-01-01T09:15:28Z
A,B929,Buy,1,5.00,2020-01-01T09:15:29Z
A,B930,Buy,1,5.00,2020-01-01T09:15:30Z
A,B931,Buy,1,5.00,2020-01-01T09:15:31Z
A,B932,Buy,1,5.00,2020-01-01T09:15:32Z
A,B933,Buy,1,5.00,2020-01-01T09:15:33Z
A,B934,Buy,1,5.00,2020-01-01T09:15:34Z
A,B935,Buy,1,5.00,2020-01-01T09:15:35Z
A,B936,Buy,1,5.00,2020-01-01T09:15:36Z
A,B937,Buy,1,5.00,2020-01-01T09:15:37Z
A,B938,Buy,1,5.00,2020-01-01T09:15:38Z
A,B939,Buy,1,5.00,2020-01-01T09:15:39Z
A,B940,Buy,1,5.00,2020-01-01T09:15:40Z
A,B941,Buy,1,5.00,2020-01-01T09:15:41Z
A,B942,Buy,1,5.00,2020-01-01T09:15:42Z
A,B943,Buy,1,5.00,2020-01-01T09:15:43Z
A,B944,Buy,1,5.00,2020-01-01T09:15:44Z
A,B945,Buy,1,5.00,2020-01-01T09:15:45Z
A,B946,Buy,1,5.00,2020-01-01T09:15:46Z
A,B947,Buy,1,5.00,2020-01-01T09:15:47Z
A,B948,Buy,1,5.00,2020-01-01T09:15:48Z
A,B949,Buy,1,5.00,2020-01-01T09:15:49Z
A,B950,Buy,1,5.00,2020-01-01T09:15:50Z
A,B951,Buy,1,5.00,2020-01-01T09:15:51Z
A,B952,Buy,1,5.00,2020-01-01T09:15:52Z
A,B953,Buy,1,5.00,2020-01-01T09:15:53Z
A,B954,Buy,1,5.00,2020-01-01T09:15:54Z
A,B955,Buy,1,5.00,2020-01-01T09:15:55Z
A,B956,Buy,1,5.00,2020-01-01T09:15:56Z
A,B957,Buy,1,5.00,2020-01-01T09:15:57Z
A,B958,Buy,1,5.00,2020-01-01T09:15:58Z
A,B959,Buy,1,5.00,2020-01-01T09:15:59Z
A,B960,Buy,1,5.00,2020-01-01T09:16:00Z
A,B961,Buy,1,5.00,2020-01-01T09:16:01Z
A,B962,Buy,1,5.00,2020-01-01T09:16:02Z
A,B963,Buy,1,5.00,2020-01-01T09:16:03Z
A,B964,Buy,1,5.00,2020-01-01T09:16:04Z
A,B965,Buy,1,5.00,2020-01-01T09:16:05Z
A,B966,Buy,1,5.00,2020-01-01T09:16:06Z
A,B967,Buy,1,5.00,2020-01-01T09:16:07Z
A,B968,Buy,1,5.00,2020-01-01T09:16:08Z
A,B969,Buy,1,5.00,2020-01-01T09:16:09Z
A,B970,Buy,1,5.00,2020-01-01T09:16:10Z
A,B971,Buy,1,5.00,2020-01-01T09:16:11Z
A,B972,Buy,1,5.00,2020-01-01T09:16:12Z
A,B973,Buy,1,5.00,2020-01-01T09:16:13Z
A,B974,Buy,1,5.00,2020-01-01T09:16:14Z
A,B975,Buy,1,5.00,2020-01-01T09:16:15Z
A,B976,Buy,1,5.00,2020-01-01T09:16:16Z
A,B977,Buy,1,5.00,2020-01-01T09:16:17Z
A,B978,Buy,1,5.00,2020-01-01T09:16:18Z
A,B979,Buy,1,5.00,2020-01-01T09:16:19Z
A,B980,Buy,1,5.00,2020-01-01T09:16:20Z
A,B981,Buy,1,5.00,2020-01-01T09:16:21Z
A,B982,Buy,1,5.00,2020-01-01T09:16:22Z
A,B983,Buy,1,5.00,2020-01-01T09:16:23Z
A,B984,Buy,1,5.00,2020-01-01T09:16:24Z
A,B985,Buy,1,5.00,2020-01-01T09:16:25Z
A,B986,Buy,1,5.00,2020-01-01T09:16:26Z
A,B987,Buy,1,5.00,2020-01-01T09:16:27Z
A,B988,Buy,1,5.00,2020-01-01T09:16:28Z
A,B989,Buy,1,5.00,2020-01-01T09:16:29Z
A,B990,Buy,1,5.00,2020-01-01T09:16:30Z
A,B991,Buy,1,5.00,2020-01-01T09:16:31Z
A,B992,Buy,1,5.00,2020-01-01T09:16:32Z
A,B993,Buy,1,5.00,2020-01-01T09:16:33Z
A,B994,Buy,1,5.00,2020-01-01T09:16:34Z
A,B995,Buy,1,5.00,2020-01-01T09:16:35Z
A,B996,Buy,1,5.00,2020-01-01T09:16:36Z
A,B997,Buy,1,5.00,2020-01-01T09:16:37Z
A,B998,Buy,1,5.00,2020-01-01T09:16:38Z
A,B999,Buy,1,5.00,2020-01-01T09:16:39Z
A,S0,Sell,1,5.00,2020-01-01T09:16:40Z
A,S1,Sell,1,5.00,2020-01-01T09:16:41Z
A,S2,Sell,1,5.00,2020-01-01T09:16:42Z
A,S3,Sell,1,5.00,2020-01-01T09:16:43Z
A,S4,Sell,1,5.00,2020-01-01T09:16:44Z
A,S5,Sell,1,5.00,2020-01-01T09:16:45Z
A,S6,Sell,1,5.00,2020-01-01T09:16:46Z
A,S7,Sell,1,5.00,2020-01-01T09:16:47Z
A,S8,Sell,1,5.00,2020-01-01T09:16:48Z
A,S9,Sell,1,5.00,2020-01-01T09:16:49Z
A,S10,Sell,1,5.00,2020-01-01T09:16:50Z
A,S11,Sell,1,5.00,2020-01-01T09:16:51Z
A,S12,Sell,1,5.00,2020-01-01T09:16:52Z
A,S13,Sell,1,5.00,2020-01-01T09:16:53Z
A,S14,Sell,1,5.00,2020-01-01T09:16:54Z
A,S15,Sell,1,5.00,2020-01-01T09:16:55Z
A,S16,Sell,1,5.00,2020-01-01T09:16:56Z
A,S17,Sell,1,5.00,2020-01-01T09:16:57Z
A,S18,Sell,1,5.00,2020-01-01T09:16:58Z
A,S19,Sell,1,5.00,2020-01-01T09:16:59Z
A,S20,Sell,1,5.00,2020-01-01T09:17:00Z
A,S21,Sell,1,5.00,2020-01-01T09:17:01Z
A,S22,Sell,1,5.00,2020-01-01T09:17:02Z
A,S23,Sell,1,5.00,2020-01-01T09:17:03Z
A,S24,Sell,1,5.00,2020-01-01T09:17:04Z
A,S25,Sell,1,5.00,2020-01-01T09:17:05Z
A,S26,Sell,1,5.00,2020-01-01T09:17:06Z
A,S27,Sell,1,5.00,2020-01-01T09:17:07Z
A,S28,Sell,1,5.00,2020-01-01T09:17:08Z
A,S29,Sell,1,5.00,2020-01-01T09:17:09Z
A,S30,Sell,1,5.00,2020-01-01T09:17:10Z
A,S31,Sell,1,5.00,2020-01-01T09:17:11Z
A,S32,Sell,1,5.00,2020-01-01T09:17:12Z
A,S33,Sell,1,5.00,2020-01-01T09:17:13Z
A,S34,Sell,1,5.00,2020-01-01T09:17:14Z
A,S35,Sell,1,5.00,2020-01-01T09:17:15Z
A,S36,Sell,1,5.00,2020-01-01T09:17:16Z
A,S37,Sell,1,5.00,2020-01-01T09:17:17Z
A,S38,Sell,1,5.00,2020-01-01T09:17:18Z
A,S39,Sell,1,5.00,2020-01-01T09:17:19Z
A,S40,Sell,1,5.00,2020-01-01T09:17:20Z
A,S41,Sell,1,5.00,2020-01-01T09:17:21Z
A,S42,Sell,1,5.00,2020-01-01T09:17:22Z
A,S43,Sell,1,5.00,2020-01-01T09:17:23Z
A,S44,Sell,1,5.00,2020-01-01T09:17:24Z
A,S45,Sell,1,5.00,2020-01-01T09:17:25Z
A,S46,Sell,1,5.00,2020-01-01T09:17:26Z
A,S47,Sell,1,5.00,2020-01-01T09:17:27Z
A,S48,Sell,1,5.00,2020-01-01T09:17:28Z
A,S49,Sell,1,5.00,2020-01-01T09:17:29Z
A,S50,Sell,1,5.00,2020-01-01T09:17:30Z
A,S51,Sell,1,5.00,2020-01-01T09:17:31Z
A,S52,Sell,1,5.00,2020-01-01T09:17:32Z
A,S53,Sell,1,5.00,2020-01-01T09:17:33Z
A,S54,Sell,1,5.00,2020-01-01T09:17:34Z
A,S55,Sell,1,5.00,2020-01-01T09:17:35Z
A,S56,Sell,1,5.00,2020-01-01T09:17:36Z
A,S57,Sell,1,5.00,2020-01-01T09:17:37Z
A,S58,Sell,1,5.00,2020-01-01T09:17:38Z
A,S59,Sell,1,5.00,2020-01-01T09:17:39Z
A,S60,Sell,1,5.00,2020-01-01T09:17:40Z
A,S61,Sell,1,5.00,2020-01-01T09:17:41Z
A,S62,Sell,1,5.00,2020-01-01T09:17:42Z
A,S63,Sell,1,5.00,2020-01-01T09:17:43Z
A,S64,Sell,1,5.00,2020-01-01T09:17:44Z
A,S65,Sell,1,5.00,2020-01-01T09:17:45Z
A,S66,Sell,1,5.00,2020-01-01T09:17:46Z
A,S67,Sell,1,5.00,2020-01-01T09:17:47Z
A,S68,Sell,1,5.00,2020-01-01T09:17:48Z
A,S69,Sell,1,5.00,2020-01-01T09:17:49Z
A,S70,Sell,1,5.00,2020-01-01T09:17:50Z
A,S71,Sell,1,5.00,2020-01-01T09:17:51Z
A,S72,Sell,1,5.00,2020-01-01T09:17:52Z
A,S73,Sell,1,5.00,2020-01-01T09:17:53Z
A,S74,Sell,1,5.00,2020-01-01T09:17:54Z
A,S75,Sell,1,5.00,2020-01-01T09:17:55Z
A,S76,Sell,1,5.00,2020-01-01T09:17:56Z
A,S77,Sell,1,5.00,2020-01-01T09:17:57Z
A,S78,Sell,1,5.00,2020-01-01T09:17:58Z
A,S79,Sell,1,5.00,2020-01-01T09:17:59Z
A,S80,Sell,1,5.00,2020-01-01T09:18:00Z
A,S81,Sell,1,5.00,2020-01-01T09:18:01Z
A,S82,Sell,1,5.00,2020-01-01T09:18:02Z
A,S83,Sell,1,5.00,2020-01-01T09:18:03Z
A,S84,Sell,1,5.00,2020-01-01T09:18:04Z
A,S85,Sell,1,5.00,2020-01-01T09:18:05Z
A,S86,Sell,1,5.00,2020-01-01T09:18:06Z
A,S87,Sell,1,5.00,2020-01-01T09:18:07Z
A,S88,Sell,1,5.00,2020-01-01T09:18:08Z
A,S89,Sell,1,5.00,2020-01-01T09:18:09Z
A,S90,Sell,1,5.00,2020-01-01T09:18:10Z
A,S91,Sell,1,5.00,2020-01-01T09:18:11Z
A,S92,Sell,1,5.00,2020-01-01T09:18:12Z
A,S93,Sell,1,5.00,2020-01-01T09:18:13Z
A,S94,Sell,1,5.00,2020-01-01T09:18:14Z
A,S95,Sell,1,5.00,2020-01-01T09:18:15Z
A,S96,Sell,1,5.00,2020-01-01T09:18:16Z
A,S97,Sell,1,5.00,2020-01-01T09:18:17Z
A,S98,Sell,1,5.00,2020-01-01T09:18:18Z
A,S99,Sell,1,5.00,2020-01-01T09:18:19Z
A,S100,Sell,1,5.00,2020-01-01T09:18:20Z
A,S101,Sell,1,5.00,2020-01-01T09:18:21Z
A,S102,Sell,1,5.00,2020-01-01T09:18:22Z
A,S103,Sell,1,5.00,2020-01-01T09:18:23Z
A,S104,Sell,1,5.00,2020-01-01T09:18:24Z
A,S105,Sell,1,5.00,2020-01-01T09:18:25Z
A,S106,Sell,1,5.00,2020-01-01T09:18:26Z
A,S107,Sell,1,5.00,2020-01-01T09:18:27Z
A,S108,Sell,1,5.00,2020-01-01T09:18:28Z
A,S109,Sell,1,5.00,2020-01-01T09:18:29Z
A,S110,Sell,1,5.00,2020-01-01T09:18:30Z
A,S111,Sell,1,5.00,2020-01-01T09:18:31Z
A,S112,Sell,1,5.00,2020-01-01T09:18:32Z
A,S113,Sell,1,5.00,2020-01-01T09:18:33Z
A,S114,Sell,1,5.00,2020-01-01T09:18:34Z
A,S115,Sell,1,5.00,2020-01-01T09:18:35Z
A,S116,Sell,1,5.00,2020-01-01T09:18:36Z
A,S117,Sell,1,5.00,2020-01-01T09:18:37Z
A,S118,Sell,1,5.00,2020-01-01T09:18:38Z
A,S119,Sell,1,5.00,2020-01-01T09:18:39Z
A,S120,Sell,1,5.00,2020-01-01T09:18:40Z
A,S121,Sell,1,5.00,2020-01-01T09:18:41Z
A,S122,Sell,1,5.00,2020-01-01T09:18:42Z
A,S123,Sell,1,5.00,2020-01-01T09:18:43Z
A,S124,Sell,1,5.00,2020-01-01T09:18:44Z
A,S125,Sell,1,5.00,2020-01-01T09:18:45Z
A,S126,Sell,1,5.00,2020-01-01T09:18:46Z
A,S127,Sell,1,5.00,2020-01-01T09:18:47Z
A,S128,Sell,1,5.00,2020-01-01T09:18:48Z
A,S129,Sell,1,5.00,2020-01-01T09:18:49Z
A,S130,Sell,1,5.00,2020-01-01T09:18:50Z
A,S131,Sell,1,5.00,2020-01-01T09:18:51Z
A,S132,Sell,1,5.00,2020-01-01T09:18:52Z
A,S133,Sell,1,5.00,2020-01-01T09:18:53Z
A,S134,Sell,1,5.00,2020-01-01T09:18:54Z
A,S135,Sell,1,5.00,2020-01-01T09:18:55Z
A,S136,Sell,1,5.00,2020-01-01T09:18:56Z
A,S137,Sell,1,5.00,2020-01-01T09:18:57Z
A,S138,Sell,1,5.00,2020-01-01T09:18:58Z
A,S139,Sell,1,5.00,2020-01-01T09:18:59Z
A,S140,Sell,1,5.00,2020-01-01T09:19:00Z
A,S141,Sell,1,5.00,2020-01-01T09:19:01Z
A,S142,Sell,1,5.00,2020-01-01T09:19:02Z
A,S143,Sell,1,5.00,2020-01-01T09:19:03Z
A,S144,Sell,1,5.00,2020-01-01T09:19:04Z
A,S145,Sell,1,5.00,2020-01-01T09:19:05Z
A,S146,Sell,1,5.00,2020-01-01T09:19:06Z
A,S147,Sell,1,5.00,2020-01-01T09:19:07Z
A,S148,Sell,1,5.00,2020-01-01T09:19:08Z
A,S149,Sell,1,5.00,2020-01-01T09:19:09Z
A,S150,Sell,1,5.00,2020-01-01T09:19:10Z
A,S151,Sell,1,5.00,2020-01-01T09:19:11Z
A,S152,Sell,1,5.00,2020-01-01T09:19:12Z
A,S153,Sell,1,5.00,2020-01-01T09:19:13Z
A,S154,Sell,1,5.00,2020-01-01T09:19:14Z
A,S155,Sell,1,5.00,2020-01-01T09:19:15Z
A,S156,Sell,1,5.00,2020-01-01T09:19:16Z
A,S157,Sell,1,5.00,2020-01-01T09:19:17Z
A,S158,Sell,1,5.00,2020-01-01T09:19:18Z
A,S159,Sell,1,5.00,2020-01-01T09:19:19Z
A,S160,Sell,1,5.00,2020-01-01T09:19:20Z
A,S161,Sell,1,5.00,2020-01-01T09:19:21Z
A,S162,Sell,1,5.00,2020-01-01T09:19:22Z
A,S163,Sell,1,5.00,2020-01-01T09:19:23Z
A,S164,Sell,1,5.00,2020-01-01T09:19:24Z
A,S165,Sell,1,5.00,2020-01-01T09:19:25Z
A,S166,Sell,1,5.00,2020-01-01T09:19:26Z
A,S167,Sell,1,5.00,2020-01-01T09:19:27Z
A,S168,Sell,1,5.00,2020-01-01T09:19:28Z
A,S169,Sell,1,5.00,2020-01-01T09:19:29Z
A,S170,Sell,1,5.00,2020-01-01T09:19:30Z
A,S171,Sell,1,5.00,2020-01-01T09:19:31Z
A,S172,Sell,1,5.00,2020-01-01T09:19:32Z
A,S173,Sell,1,5.00,2020-01-01T09:19:33Z
A,S174,Sell,1,5.00,2020-01-01T09:19:34Z
A,S175,Sell,1,5.00,2020-01-01T09:19:35Z
A,S176,Sell,1,5.00,2020-01-01T09:19:36Z
A,S177,Sell,1,5.00,2020-01-01T09:19:37Z
A,S178,Sell,1,5.00,2020-01-01T09:19:38Z
A,S179,Sell,1,5.00,2020-01-01T09:19:39Z
A,S180,Sell,1,5.00,2020-01-01T09:19:40Z
A,S181,Sell,1,5.00,2020-01-01T09:19:41Z
A,S182,Sell,1,5.00,2020-01-01T09:19:42Z
A,S183,Sell,1,5.00,2020-01-01T09:19:43Z
A,S184,Sell,1,5.00,2020-01-01T09:19:44Z
A,S185,Sell,1,5.00,2020-01-01T09:19:45Z
A,S186,Sell,1,5.00,2020-01-01T09:19:46Z
A,S187,Sell,1,5.00,2020-01-01T09:19:47Z
A,S188,Sell,1,5.00,2020-01-01T09:19:48Z
A,S189,Sell,1,5.00,2020-01-01T09:19:49Z
A,S190,Sell,1,5.00,2020-01-01T09:19:50Z
A,S191,Sell,1,5.00,2020-01-01T09:19:51Z
A,S192,Sell,1,5.00,2020-01-01T09:19:52Z
A,S193,Sell,1,5.00,2020-01-01T09:19:53Z
A,S194,Sell,1,5.00,2020-01-01T09:19:54Z
A,S195,Sell,1,5.00,2020-01-01T09:19:55Z
A,S196,Sell,1,5.00,2020-01-01T09:19:56Z
A,S197,Sell,1,5.00,2020-01-01T09:19:57Z
A,S198,Sell,1,5.00,2020-01-01T09:19:58Z
A,S199,Sell,1,5.00,2020-01-01T09:19:59Z
A,S200,Sell,1,5.00,2020-01-01T09:20:00Z
A,S201,Sell,1,5.00,2020-01-01T09:20:01Z
A,S202,Sell,1,5.00,2020-01-01T09:20:02Z
A,S203,Sell,1,5.00,2020-01-01T09:20:03Z
A,S204,Sell,1,5.00,2020-01-01T09:20:04Z
A,S205,Sell,1,5.00,2020-01-01T09:20:05Z
A,S206,Sell,1,5.00,2020-01-01T09:20:06Z
A,S207,Sell,1,5.00,2020-01-01T09:20:07Z
A,S208,Sell,1,5.00,2020-01-01T09:20:08Z
A,S209,Sell,1,5.00,2020-01-01T09:20:09Z
A,S210,Sell,1,5.00,2020-01-01T09:20:10Z
A,S211,Sell,1,5.00,2020-01-01T09:20:11Z
A,S212,Sell,1,5.00,2020-01-01T09:20:12Z
A,S213,Sell,1,5.00,2020-01-01T09:20:13Z
A,S214,Sell,1,5.00,2020-01-01T09:20:14Z
A,S215,Sell,1,5.00,2020-01-01T09:20:15Z
A,S216,Sell,1,5.00,2020-01-01T09:20:16Z
A,S217,Sell,1,5.00,2020-01-01T09:20:17Z
A,S218,Sell,1,5.00,2020-01-01T09:20:18Z
A,S219,Sell,1,5.00,2020-01-01T09:20:19Z
A,S220,Sell,1,5.00,2020-01-01T09:20:20Z
A,S221,Sell,1,5.00,2020-01-01T09:20:21Z
A,S222,Sell,1,5.00,2020-01-01T09:20:22Z
A,S223,Sell,1,5.00,2020-01-01T09:20:23Z
A,S224,Sell,1,5.00,2020-01-01T09:20:24Z
A,S225,Sell,1,5.00,2020-01-01T09:20:25Z
A,S226,Sell,1,5.00,2020-01-01T09:20:26Z
A,S227,Sell,1,5.00,2020-01-01T09:20:27Z
A,S228,Sell,1,5.00,2020-01-01T09:20:28Z
A,S229,Sell,1,5.00,2020-01-01T09:20:29Z
A,S230,Sell,1,5.00,2020-01-01T09:20:30Z
A,S231,Sell,1,5.00,2020-01-01T09:20:31Z
A,S232,Sell,1,5.00,2020-01-01T09:20:32Z
A,S233,Sell,1,5.00,2020-01-01T09:20:33Z
A,S234,Sell,1,5.00,2020-01-01T09:20:34Z
A,S235,Sell,1,5.00,2020-01-01T09:20:35Z
A,S236,Sell,1,5.00,2020-01-01T09:20:36Z
A,S237,Sell,1,5.00,2020-01-01T09:20:37Z
A,S238,Sell,1,5.00,2020-01-01T09:20:38Z
A,S239,Sell,1,5.00,2020-01-01T09:20:39Z
A,S240,Sell,1,5.00,2020-01-01T09:20:40Z
A,S241,Sell,1,5.00,2020-01-01T09:20:41Z
A,S242,Sell,1,5.00,2020-01-01T09:20:42Z
A,S243,Sell,1,5.00,2020-01-01T09:20:43Z
A,S244,Sell,1,5.00,2020-01-01T09:20:44Z
A,S245,Sell,1,5.00,2020-01-01T09:20:45Z
A,S246,Sell,1,5.00,2020-01-01T09:20:46Z
A,S247,Sell,1,5.00,2020-01-01T09:20:47Z
A,S248,Sell,1,5.00,2020-01-01T09:20:48Z
A,S249,Sell,1,5.00,2020-01-01T09:20:49Z
A,S250,Sell,1,5.00,2020-01-01T09:20:50Z
A,S251,Sell,1,5.00,2020-01-01T09:20:51Z
A,S252,Sell,1,5.00,2020-01-01T09:20:52Z
A,S253,Sell,1,5.00,2020-01-01T09:20:53Z
A,S254,Sell,1,5.00,2020-01-01T09:20:54Z
A,S255,Sell,1,5.00,2020-01-01T09:20:55Z
A,S256,Sell,1,5.00,2020-01-01T09:20:56Z
A,S257,Sell,1,5.00,2020-01-01T09:20:57Z
A,S258,Sell,1,5.00,2020-01-01T09:20:58Z
A,S259,Sell,1,5.00,2020-01-01T09:20:59Z
A,S260,Sell,1,5.00,2020-01-01T09:21:00Z
A,S261,Sell,1,5.00,2020-01-01T09:21:01Z
A,S262,Sell,1,5.00,2020-01-01T09:21:02Z
A,S263,Sell,1,5.00,2020-01-01T09:21:03Z
A,S264,Sell,1,5.00,2020-01-01T09:21:04Z
A,S265,Sell,1,5.00,2020-01-01T09:21:05Z
A,S266,Sell,1,5.00,2020-01-01T09:21:06Z
A,S267,Sell,1,5.00,2020-01-01T09:21:07Z
A,S268,Sell,1,5.00,2020-01-01T09:21:08Z
A,S269,Sell,1,5.00,2020-01-01T09:21:09Z
A,S270,Sell,1,5.00,2020-01-01T09:21:10Z
A,S271,Sell,1,5.00,2020-01-01T09:21:11Z
A,S272,Sell,1,5.00,2020-01-01T09:21:12Z
A,S273,Sell,1,5.00,2020-01-01T09:21:13Z
A,S274,Sell,1,5.00,2020-01-01T09:21:14Z
A,S275,Sell,1,5.00,2020-01-01T09:21:15Z
A,S276,Sell,1,5.00,2020-01-01T09:21:16Z
A,S277,Sell,1,5.00,2020-01-01T09:21:17Z
A,S278,Sell,1,5.00,2020-01-01T09:21:18Z
A,S279,Sell,1,5.00,2020-01-01T09:21:19Z
A,S280,Sell,1,5.00,2020-01-01T09:21:20Z
A,S281,Sell,1,5.00,2020-01-01T09:21:21Z
A,S282,Sell,1,5.00,2020-01-01T09:21:22Z
A,S283,Sell,1,5.00,2020-01-01T09:21:23Z
A,S284,Sell,1,5.00,2020-01-01T09:21:24Z
A,S285,Sell,1,5.00,2020-01-01T09:21:25Z
A,S286,Sell,1,5.00,2020-01-01T09:21:26Z
A,S287,Sell,1,5.00,2020-01-01T09:21:27Z
A,S288,Sell,1,5.00,2020-01-01T09:21:28Z
A,S289,Sell,1,5.00,2020-01-01T09:21:29Z
A,S290,Sell,1,5.00,2020-01-01T09:21:30Z
A,S291,Sell,1,5.00,2020-01-01T09:21:31Z
A,S292,Sell,1,5.00,2020-01-01T09:21:32Z
A,S293,Sell,1,5.00,2020-01-01T09:21:33Z
A,S294,Sell,1,5.00,2020-01-01T09:21:34Z
A,S295,Sell,1,5.00,2020-01-01T09:21:35Z
A,S296,Sell,1,5.00,2020-01-01T09:21:36Z
A,S297,Sell,1,5.00,2020-01-01T09:21:37Z
A,S298,Sell,1,5.00,2020-01-01T09:21:38Z
A,S299,Sell,1,5.00,2020-01-01T09:21:39Z
A,S300,Sell,1,5.00,2020-01-01T09:21:40Z
A,S301,Sell,1,5.00,2020-01-01T09:21:41Z
A,S302,Sell,1,5.00,2020-01-01T09:21:42Z
A,S303,Sell,1,5.00,2020-01-01T09:21:43Z
A,S304,Sell,1,5.00,2020-01-01T09:21:44Z
A,S305,Sell,1,5.00,2020-01-01T09:21:45Z
A,S306,Sell,1,5.00,2020-01-01T09:21:46Z
A,S307,Sell,1,5.00,2020-01-01T09:21:47Z
A,S308,Sell,1,5.00,2020-01-01T09:21:48Z
A,S309,Sell,1,5.00,2020-01-01T09:21:49Z
A,S310,Sell,1,5.00,2020-01-01T09:21:50Z
A,S311,Sell,1,5.00,2020-01-01T09:21:51Z
A,S312,Sell,1,5.00,2020-01-01T09:21:52Z
A,S313,Sell,1,5.00,2020-01-01T09:21:53Z
A,S314,Sell,1,5.00,2020-01-01T09:21:54Z
A,S315,Sell,1,5.00,2020-01-01T09:21:55Z
A,S316,Sell,1,5.00,2020-01-01T09:21:56Z
A,S317,Sell,1,5.00,2020-01-01T09:21:57Z
A,S318,Sell,1,5.00,2020-01-01T09:21:58Z
A,S319,Sell,1,5.00,2020-01-01T09:21:59Z
A,S320,Sell,1,5.00,2020-01-01T09:22:00Z
A,S321,Sell,1,5.00,2020-01-01T09:22:01Z
A,S322,Sell,1,5.00,2020-01-01T09:22:02Z
A,S323,Sell,1,5.00,2020-01-01T09:22:03Z
A,S324,Sell,1,5.00,2020-01-01T09:22:04Z
A,S325,Sell,1,5.00,2020-01-01T09:22:05Z
A,S326,Sell,1,5.00,2020-01-01T09:22:06Z
A,S327,Sell,1,5.00,2020-01-01T09:22:07Z
A,S328,Sell,1,5.00,2020-01-01T09:22:08Z
A,S329,Sell,1,5.00,2020-01-01T09:22:09Z
A,S330,Sell,1,5.00,2020-01-01T09:22:10Z
A,S331,Sell,1,5.00,2020-01-01T09:22:11Z
A,S332,Sell,1,5.00,2020-01-01T09:22:12Z
A,S333,Sell,1,5.00,2020-01-01T09:22:13Z
A,S334,Sell,1,5.00,2020-01-01T09:22:14Z
A,S335,Sell,1,5.00,2020-01-01T09:22:15Z
A,S336,Sell,1,5.00,2020-01-01T09:22:16Z
A,S337,Sell,1,5.00,2020-01-01T09:22:17Z
A,S338,Sell,1,5.00,2020-01-01T09:22:18Z
A,S339,Sell,1,5.00,2020-01-01T09:22:19Z
A,S340,Sell,1,5.00,2020-01-01T09:22:20Z
A,S341,Sell,1,5.00,2020-01-01T09:22:21Z
A,S342,Sell,1,5.00,2020-01-01T09:22:22Z
A,S343,Sell,1,5.00,2020-01-01T09:22:23Z
A,S344,Sell,1,5.00,2020-01-01T09:22:24Z
A,S345,Sell,1,5.00,2020-01-01T09:22:25Z
A,S346,Sell,1,5.00,2020-01-01T09:22:26Z
A,S347,Sell,1,5.00,2020-01-01T09:22:27Z
A,S348,Sell,1,5.00,2020-01-01T09:22:28Z
A,S349,Sell,1,5.00,2020-01-01T09:22:29Z
A,S350,Sell,1,5.00,2020-01-01T09:22:30Z
A,S351,Sell,1,5.00,2020-01-01T09:22:31Z
A,S352,Sell,1,5.00,2020-01-01T09:22:32Z
A,S353,Sell,1,5.00,2020-01-01T09:22:33Z
A,S354,Sell,1,5.00,2020-01-01T09:22:34Z
A,S355,Sell,1,5.00,2020-01-01T09:22:35Z
A,S356,Sell,1,5.00,2020-01-01T09:22:36Z
A,S357,Sell,1,5.00,2020-01-01T09:22:37Z
A,S358,Sell,1,5.00,2020-01-01T09:22:38Z
A,S359,Sell,1,5.00,2020-01-01T09:22:39Z
A,S360,Sell,1,5.00,2020-01-01T09:22:40Z
A,S361,Sell,1,5.00,2020-01-01T09:22:41Z
A,S362,Sell,1,5.00,2020-01-01T09:22:42Z
A,S363,Sell,1,5.00,2020-01-01T09:22:43Z
A,S364,Sell,1,5.00,2020-01-01T09:22:44Z
A,S365,Sell,1,5.00,2020-01-01T09:22:45Z
A,S366,Sell,1,5.00,2020-01-01T09:22:46Z
A,S367,Sell,1,5.00,2020-01-01T09:22:47Z
A,S368,Sell,1,5.00,2020-01-01T09:22:48Z
A,S369,Sell,1,5.00,2020-01-01T09:22:49Z
A,S370,Sell,1,5.00,2020-01-01T09:22:50Z
A,S371,Sell,1,5.00,2020-01-01T09:22:51Z
A,S372,Sell,1,5.00,2020-01-01T09:22:52Z
A,S373,Sell,1,5.00,2020-01-01T09:22:53Z
A,S374,Sell,1,5.00,2020-01-01T09:22:54Z
A,S375,Sell,1,5.00,2020-01-01T09:22:55Z
A,S376,Sell,1,5.00,2020-01-01T09:22:56Z
A,S377,Sell,1,5.00,2020-01-01T09:22:57Z
A,S378,Sell,1,5.00,2020-01-01T09:22:58Z
A,S379,Sell,1,5.00,2020-01-01T09:22:59Z
A,S380,Sell,1,5.00,2020-01-01T09:23:00Z
A,S381,Sell,1,5.00,2020-01-01T09:23:01Z
A,S382,Sell,1,5.00,2020-01-01T09:23:02Z
A,S383,Sell,1,5.00,2020-01-01T09:23:03Z
A,S384,Sell,1,5.00,2020-01-01T09:23:04Z
A,S385,Sell,1,5.00,2020-01-01T09:23:05Z
A,S386,Sell,1,5.00,2020-01-01T09:23:06Z
A,S387,Sell,1,5.00,2020-01-01T09:23:07Z
A,S388,Sell,1,5.00,2020-01-01T09:23:08Z
A,S389,Sell,1,5.00,2020-01-01T09:23:09Z
A,S390,Sell,1,5.00,2020-01-01T09:23:10Z
A,S391,Sell,1,5.00,2020-01-01T09:23:11Z
A,S392,Sell,1,5.00,2020-01-01T09:23:12Z
A,S393,Sell,1,5.00,2020-01-01T09:23:13Z
A,S394,Sell,1,5.00,2020-01-01T09:23:14Z
A,S395,Sell,1,5.00,2020-01-01T09:23:15Z
A,S396,Sell,1,5.00,2020-01-01T09:23:16Z
A,S397,Sell,1,5.00,2020-01-01T09:23:17Z
A,S398,Sell,1,5.00,2020-01-01T09:23:18Z
A,S399,Sell,1,5.00,2020-01-01T09:23:19Z
A,S400,Sell,1,5.00,2020-01-01T09:23:20Z
A,S401,Sell,1,5.00,2020-01-01T09:23:21Z
A,S402,Sell,1,5.00,2020-01-01T09:23:22Z
A,S403,Sell,1,5.00,2020-01-01T09:23:23Z
A,S404,Sell,1,5.00,2020-01-01T09:23:24Z
A,S405,Sell,1,5.00,2020-01-01T09:23:25Z
A,S406,Sell,1,5.00,2020-01-01T09:23:26Z
A,S407,Sell,1,5.00,2020-01-01T09:23:27Z
A,S408,Sell,1,5.00,2020-01-01T09:23:28Z
A,S409,Sell,1,5.00,2020-01-01T09:23:29Z
A,S410,Sell,1,5.00,2020-01-01T09:23:30Z
A,S411,Sell,1,5.00,2020-01-01T09:23:31Z
A,S412,Sell,1,5.00,2020-01-01T09:23:32Z
A,S413,Sell,1,5.00,2020-01-01T09:23:33Z
A,S414,Sell,1,5.00,2020-01-01T09:23:34Z
A,S415,Sell,1,5.00,2020-01-01T09:23:35Z
A,S416,Sell,1,5.00,2020-01-01T09:23:36Z
A,S417,Sell,1,5.00,2020-01-01T09:23:37Z
A,S418,Sell,1,5.00,2020-01-01T09:23:38Z
A,S419,Sell,1,5.00,2020-01-01T09:23:39Z
A,S420,Sell,1,5.00,2020-01-01T09:23:40Z
A,S421,Sell,1,5.00,2020-01-01T09:23:41Z
A,S422,Sell,1,5.00,2020-01-01T09:23:42Z
A,S423,Sell,1,5.00,2020-01-01T09:23:43Z
A,S424,Sell,1,5.00,2020-01-01T09:23:44Z
A,S425,Sell,1,5.00,2020-01-01T09:23:45Z
A,S426,Sell,1,5.00,2020-01-01T09:23:46Z
A,S427,Sell,1,5.00,2020-01-01T09:23:47Z
A,S428,Sell,1,5.00,2020-01-01T09:23:48Z
A,S429,Sell,1,5.00,2020-01-01T09:23:49Z
A,S430,Sell,1,5.00,2020-01-01T09:23:50Z
A,S431,Sell,1,5.00,2020-01-01T09:23:51Z
A,S432,Sell,1,5.00,2020-01-01T09:23:52Z
A,S433,Sell,1,5.00,2020-01-01T09:23:53Z
A,S434,Sell,1,5.00,2020-01-01T09:23:54Z
A,S435,Sell,1,5.00,2020-01-01T09:23:55Z
A,S436,Sell,1,5.00,2020-01-01T09:23:56Z
A,S437,Sell,1,5.00,2020-01-01T09:23:57Z
A,S438,Sell,1,5.00,2020-01-01T09:23:58Z
A,S439,Sell,1,5.00,2020-01-01T09:23:59Z
A,S440,Sell,1,5.00,2020-01-01T09:24:00Z
A,S441,Sell,1,5.00,2020-01-01T09:24:01Z
A,S442,Sell,1,5.00,2020-01-01T09:24:02Z
A,S443,Sell,1,5.00,2020-01-01T09:24:03Z
A,S444,Sell,1,5.00,2020-01-01T09:24:04Z
A,S445,Sell,1,5.00,2020-01-01T09:24:05Z
A,S446,Sell,1,5.00,2020-01-01T09:24:06Z
A,S447,Sell,1,5.00,2020-01-01T09:24:07Z
A,S448,Sell,1,5.00,2020-01-01T09:24:08Z
A,S449,Sell,1,5.00,2020-01-01T09:24:09Z
A,S450,Sell,1,5.00,2020-01-01T09:24:10Z
A,S451,Sell,1,5.00,2020-01-01T09:24:11Z
A,S452,Sell,1,5.00,2020-01-01T09:24:12Z
A,S453,Sell,1,5.00,2020-01-01T09:24:13Z
A,S454,Sell,1,5.00,2020-01-01T09:24:14Z
A,S455,Sell,1,5.00,2020-01-01T09:24:15Z
A,S456,Sell,1,5.00,2020-01-01T09:24:16Z
A,S457,Sell,1,5.00,2020-01-01T09:24:17Z
A,S458,Sell,1,5.00,2020-01-01T09:24:18Z
A,S459,Sell,1,5.00,2020-01-01T09:24:19Z
A,S460,Sell,1,5.00,2020-01-01T09:24:20Z
A,S461,Sell,1,5.00,2020-01-01T09:24:21Z
A,S462,Sell,1,5.00,2020-01-01T09:24:22Z
A,S463,Sell,1,5.00,2020-01-01T09:24:23Z
A,S464,Sell,1,5.00,2020-01-01T09:24:24Z
A,S465,Sell,1,5.00,2020-01-01T09:24:25Z
A,S466,Sell,1,5.00,2020-01-01T09:24:26Z
A,S467,Sell,1,5.00,2020-01-01T09:24:27Z
A,S468,Sell,1,5.00,2020-01-01T09:24:28Z
A,S469,Sell,1,5.00,2020-01-01T09:24:29Z
A,S470,Sell,1,5.00,2020-01-01T09:24:30Z
A,S471,Sell,1,5.00,2020-01-01T09:24:31Z
A,S472,Sell,1,5.00,2020-01-01T09:24:32Z
A,S473,Sell,1,5.00,2020-01-01T09:24:33Z
A,S474,Sell,1,5.00,2020-01-01T09:24:34Z
A,S475,Sell,1,5.00,2020-01-01T09:24:35Z
A,S476,Sell,1,5.00,2020-01-01T09:24:36Z
A,S477,Sell,1,5.00,2020-01-01T09:24:37Z
A,S478,Sell,1,5.00,2020-01-01T09:24:38Z
A,S479,Sell,1,5.00,2020-01-01T09:24:39Z
A,S480,Sell,1,5.00,2020-01-01T09:24:40Z
A,S481,Sell,1,5.00,2020-01-01T09:24:41Z
A,S482,Sell,1,5.00,2020-01-01T09:24:42Z
A,S483,Sell,1,5.00,2020-01-01T09:24:43Z
A,S484,Sell,1,5.00,2020-01-01T09:24:44Z
A,S485,Sell,1,5.00,2020-01-01T09:24:45Z
A,S486,Sell,1,5.00,2020-01-01T09:24:46Z
A,S487,Sell,1,5.00,2020-01-01T09:24:47Z
A,S488,Sell,1,5.00,2020-01-01T09:24:48Z
A,S489,Sell,1,5.00,2020-01-01T09:24:49Z
A,S490,Sell,1,5.00,2020-01-01T09:24:50Z
A,S491,Sell,1,5.00,2020-01-01T09:24:51Z
A,S492,Sell,1,5.00,2020-01-01T09:24:52Z
A,S493,Sell,1,5.00,2020-01-01T09:24:53Z
A,S494,Sell,1,5.00,2020-01-01T09:24:54Z
A,S495,Sell,1,5.00,2020-01-01T09:24:55Z
A,S496,Sell,1,5.00,2020-01-01T09:24:56Z
A,S497,Sell,1,5.00,2020-01-01T09:24:57Z
A,S498,Sell,1,5.00,2020-01-01T09:24:58Z
A,S499,Sell,1,5.00,2020-01-01T09:24:59Z
A,S500,Sell,1,5.00,2020-01-01T09:25:00Z
A,S501,Sell,1,5.00,2020-01-01T09:25:01Z
A,S502,Sell,1,5.00,2020-01-01T09:25:02Z
A,S503,Sell,1,5.00,2020-01-01T09:25:03Z
A,S504,Sell,1,5.00,2020-01-01T09:25:04Z
A,S505,Sell,1,5.00,2020-01-01T09:25:05Z
A,S506,Sell,1,5.00,2020-01-01T09:25:06Z
A,S507,Sell,1,5.00,2020-01-01T09:25:07Z
A,S508,Sell,1,5.00,2020-01-01T09:25:08Z
A,S509,Sell,1,5.00,2020-01-01T09:25:09Z
A,S510,Sell,1,5.00,2020-01-01T09:25:10Z
A,S511,Sell,1,5.00,2020-01-01T09:25:11Z
A,S512,Sell,1,5.00,2020-01-01T09:25:12Z
A,S513,Sell,1,5.00,2020-01-01T09:25:13Z
A,S514,Sell,1,5.00,2020-01-01T09:25:14Z
A,S515,Sell,1,5.00,2020-01-01T09:25:15Z
A,S516,Sell,1,5.00,2020-01-01T09:25:16Z
A,S517,Sell,1,5.00,2020-01-01T09:25:17Z
A,S518,Sell,1,5.00,2020-01-01T09:25:18Z
A,S519,Sell,1,5.00,2020-01-01T09:25:19Z
A,S520,Sell,1,5.00,2020-01-01T09:25:20Z
A,S521,Sell,1,5.00,2020-01-01T09:25:21Z
A,S522,Sell,1,5.00,2020-01-01T09:25:22Z
A,S523,Sell,1,5.00,2020-01-01T09:25:23Z
A,S524,Sell,1,5.00,2020-01-01T09:25:24Z
A,S525,Sell,1,5.00,2020-01-01T09:25:25Z
A,S526,Sell,1,5.00,2020-01-01T09:25:26Z
A,S527,Sell,1,5.00,2020-01-01T09:25:27Z
A,S528,Sell,1,5.00,2020-01-01T09:25:28Z
A,S529,Sell,1,5.00,2020-01-01T09:25:29Z
A,S530,Sell,1,5.00,2020-01-01T09:25:30Z
A,S531,Sell,1,5.00,2020-01-01T09:25:31Z
A,S532,Sell,1,5.00,2020-01-01T09:25:32Z
A,S533,Sell,1,5.00,2020-01-01T09:25:33Z
A,S534,Sell,1,5.00,2020-01-01T09:25:34Z
A,S535,Sell,1,5.00,2020-01-01T09:25:35Z
A,S536,Sell,1,5.00,2020-01-01T09:25:36Z
A,S537,Sell,1,5.00,2020-01-01T09:25:37Z
A,S538,Sell,1,5.00,2020-01-01T09:25:38Z
A,S539,Sell,1,5.00,2020-01-01T09:25:39Z
A,S540,Sell,1,5.00,2020-01-01T09:25:40Z
A,S541,Sell,1,5.00,2020-01-01T09:25:41Z
A,S542,Sell,1,5.00,2020-01-01T09:25:42Z
A,S543,Sell,1,5.00,2020-01-01T09:25:43Z
A,S544,Sell,1,5.00,2020-01-01T09:25:44Z
A,S545,Sell,1,5.00,2020-01-01T09:25:45Z
A,S546,Sell,1,5.00,2020-01-01T09:25:46Z
A,S547,Sell,1,5.00,2020-01-01T09:25:47Z
A,S548,Sell,1,5.00,2020-01-01T09:25:48Z
A,S549,Sell,1,5.00,2020-01-01T09:25:49Z
A,S550,Sell,1,5.00,2020-01-01T09:25:50Z
A,S551,Sell,1,5.00,2020-01-01T09:25:51Z
A,S552,Sell,1,5.00,2020-01-01T09:25:52Z
A,S553,Sell,1,5.00,2020-01-01T09:25:53Z
A,S554,Sell,1,5.00,2020-01-01T09:25:54Z
A,S555,Sell,1,5.00,2020-01-01T09:25:55Z
A,S556,Sell,1,5.00,2020-01-01T09:25:56Z
A,S557,Sell,1,5.00,2020-01-01T09:25:57Z
A,S558,Sell,1,5.00,2020-01-01T09:25:58Z
A,S559,Sell,1,5.00,2020-01-01T09:25:59Z
A,S560,Sell,1,5.00,2020-01-01T09:26:00Z
A,S561,Sell,1,5.00,2020-01-01T09:26:01Z
A,S562,Sell,1,5.00,2020-01-01T09:26:02Z
A,S563,Sell,1,5.00,2020-01-01T09:26:03Z
A,S564,Sell,1,5.00,2020-01-01T09:26:04Z
A,S565,Sell,1,5.00,2020-01-01T09:26:05Z
A,S566,Sell,1,5.00,2020-01-01T09:26:06Z
A,S567,Sell,1,5.00,2020-01-01T09:26:07Z
A,S568,Sell,1,5.00,2020-01-01T09:26:08Z
A,S569,Sell,1,5.00,2020-01-01T09:26:09Z
A,S570,Sell,1,5.00,2020-01-01T09:26:10Z
A,S571,Sell,1,5.00,2020-01-01T09:26:11Z
A,S572,Sell,1,5.00,2020-01-01T09:26:12Z
A,S573,Sell,1,5.00,2020-01-01T09:26:13Z
A,S574,Sell,1,5.00,2020-01-01T09:26:14Z
A,S575,Sell,1,5.00,2020-01-01T09:26:15Z
A,S576,Sell,1,5.00,2020-01-01T09:26:16Z
A,S577,Sell,1,5.00,2020-01-01T09:26:17Z
A,S578,Sell,1,5.00,2020-01-01T09:26:18Z
A,S579,Sell,1,5.00,2020-01-01T09:26:19Z
A,S580,Sell,1,5.00,2020-01-01T09:26:20Z
A,S581,Sell,1,5.00,2020-01-01T09:26:21Z
A,S582,Sell,1,5.00,2020-01-01T09:26:22Z
A,S583,Sell,1,5.00,2020-01-01T09:26:23Z
A,S584,Sell,1,5.00,2020-01-01T09:26:24Z
A,S585,Sell,1,5.00,2020-01-01T09:26:25Z
A,S586,Sell,1,5.00,2020-01-01T09:26:26Z
A,S587,Sell,1,5.00,2020-01-01T09:26:27Z
A,S588,Sell,1,5.00,2020-01-01T09:26:28Z
A,S589,Sell,1,5.00,2020-01-01T09:26:29Z
A,S590,Sell,1,5.00,2020-01-01T09:26:30Z
A,S591,Sell,1,5.00,2020-01-01T09:26:31Z
A,S592,Sell,1,5.00,2020-01-01T09:26:32Z
A,S593,Sell,1,5.00,2020-01-01T09:26:33Z
A,S594,Sell,1,5.00,2020-01-01T09:26:34Z
A,S595,Sell,1,5.00,2020-01-01T09:26:35Z
A,S596,Sell,1,5.00,2020-01-01T09:26:36Z
A,S597,Sell,1,5.00,2020-01-01T09:26:37Z
A,S598,Sell,1,5.00,2020-01-01T09:26:38Z
A,S599,Sell,1,5.00,2020-01-01T09:26:39Z
A,S600,Sell,1,5.00,2020-01-01T09:26:40Z
A,S601,Sell,1,5.00,2020-01-01T09:26:41Z
A,S602,Sell,1,5.00,2020-01-01T09:26:42Z
A,S603,Sell,1,5.00,2020-01-01T09:26:43Z
A,S604,Sell,1,5.00,2020-01-01T09:26:44Z
A,S605,Sell,1,5.00,2020-01-01T09:26:45Z
A,S606,Sell,1,5.00,2020-01-01T09:26:46Z
A,S607,Sell,1,5.00,2020-01-01T09:26:47Z
A,S608,Sell,1,5.00,2020-01-01T09:26:48Z
A,S609,Sell,1,5.00,2020-01-01T09:26:49Z
A,S610,Sell,1,5.00,2020-01-01T09:26:50Z
A,S611,Sell,1,5.00,2020-01-01T09:26:51Z
A,S612,Sell,1,5.00,2020-01-01T09:26:52Z
A,S613,Sell,1,5.00,2020-01-01T09:26:53Z
A,S614,Sell,1,5.00,2020-01-01T09:26:54Z
A,S615,Sell,1,5.00,2020-01-01T09:26:55Z
A,S616,Sell,1,5.00,2020-01-01T09:26:56Z
A,S617,Sell,1,5.00,2020-01-01T09:26:57Z
A,S618,Sell,1,5.00,2020-01-01T09:26:58Z
A,S619,Sell,1,5.00,2020-01-01T09:26:59Z
A,S620,Sell,1,5.00,2020-01-01T09:27:00Z
A,S621,Sell,1,5.00,2020-01-01T09:27:01Z
A,S622,Sell,1,5.00,2020-01-01T09:27:02Z
A,S623,Sell,1,5.00,2020-01-01T09:27:03Z
A,S624,Sell,1,5.00,2020-01-01T09:27:04Z
A,S625,Sell,1,5.00,2020-01-01T09:27:05Z
A,S626,Sell,1,5.00,2020-01-01T09:27:06Z
A,S627,Sell,1,5.00,2020-01-01T09:27:07Z
A,S628,Sell,1,5.00,2020-01-01T09:27:08Z
A,S629,Sell,1,5.00,2020-01-01T09:27:09Z
A,S630,Sell,1,5.00,2020-01-01T09:27:10Z
A,S631,Sell,1,5.00,2020-01-01T09:27:11Z
A,S632,Sell,1,5.00,2020-01-01T09:27:12Z
A,S633,Sell,1,5.00,2020-01-01T09:27:13Z
A,S634,Sell,1,5.00,2020-01-01T09:27:14Z
A,S635,Sell,1,5.00,2020-01-01T09:27:15Z
A,S636,Sell,1,5.00,2020-01-01T09:27:16Z
A,S637,Sell,1,5.00,2020-01-01T09:27:17Z
A,S638,Sell,1,5.00,2020-01-01T09:27:18Z
A,S639,Sell,1,5.00,2020-01-01T09:27:19Z
A,S640,Sell,1,5.00,2020-01-01T09:27:20Z
A,S641,Sell,1,5.00,2020-01-01T09:27:21Z
A,S642,Sell,1,5.00,2020-01-01T09:27:22Z
A,S643,Sell,1,5.00,2020-01-01T09:27:23Z
A,S644,Sell,1,5.00,2020-01-01T09:27:24Z
A,S645,Sell,1,5.00,2020-01-01T09:27:25Z
A,S646,Sell,1,5.00,2020-01-01T09:27:26Z
A,S647,Sell,1,5.00,2020-01-01T09:27:27Z
A,S648,Sell,1,5.00,2020-01-01T09:27:28Z
A,S649,Sell,1,5.00,2020-01-01T09:27:29Z
A,S650,Sell,1,5.00,2020-01-01T09:27:30Z
A,S651,Sell,1,5.00,2020-01-01T09:27:31Z
A,S652,Sell,1,5.00,2020-01-01T09:27:32Z
A,S653,Sell,1,5.00,2020-01-01T09:27:33Z
A,S654,Sell,1,5.00,2020-01-01T09:27:34Z
A,S655,Sell,1,5.00,2020-01-01T09:27:35Z
A,S656,Sell,1,5.00,2020-01-01T09:27:36Z
A,S657,Sell,1,5.00,2020-01-01T09:27:37Z
A,S658,Sell,1,5.00,2020-01-01T09:27:38Z
A,S659,Sell,1,5.00,2020-01-01T09:27:39Z
A,S660,Sell,1,5.00,2020-01-01T09:27:40Z
A,S661,Sell,1,5.00,2020-01-01T09:27:41Z
A,S662,Sell,1,5.00,2020-01-01T09:27:42Z
A,S663,Sell,1,5.00,2020-01-01T09:27:43Z
A,S664,Sell,1,5.00,2020-01-01T09:27:44Z
A,S665,Sell,1,5.00,2020-01-01T09:27:45Z
A,S666,Sell,1,5.00,2020-01-01T09:27:46Z
A,S667,Sell,1,5.00,2020-01-01T09:27:47Z
A,S668,Sell,1,5.00,2020-01-01T09:27:48Z
A,S669,Sell,1,5.00,2020-01-01T09:27:49Z
A,S670,Sell,1,5.00,2020-01-01T09:27:50Z
A,S671,Sell,1,5.00,2020-01-01T09:27:51Z
A,S672,Sell,1,5.00,2020-01-01T09:27:52Z
A,S673,Sell,1,5.00,2020-01-01T09:27:53Z
A,S674,Sell,1,5.00,2020-01-01T09:27:54Z
A,S675,Sell,1,5.00,2020-01-01T09:27:55Z
A,S676,Sell,1,5.00,2020-01-01T09:27:56Z
A,S677,Sell,1,5.00,2020-01-01T09:27:57Z
A,S678,Sell,1,5.00,2020-01-01T09:27:58Z
A,S679,Sell,1,5.00,2020-01-01T09:27:59Z
A,S680,Sell,1,5.00,2020-01-01T09:28:00Z
A,S681,Sell,1,5.00,2020-01-01T09:28:01Z
A,S682,Sell,1,5.00,2020-01-01T09:28:02Z
A,S683,Sell,1,5.00,2020-01-01T09:28:03Z
A,S684,Sell,1,5.00,2020-01-01T09:28:04Z
A,S685,Sell,1,5.00,2020-01-01T09:28:05Z
A,S686,Sell,1,5.00,2020-01-01T09:28:06Z
A,S687,Sell,1,5.00,2020-01-01T09:28:07Z
A,S688,Sell,1,5.00,2020-01-01T09:28:08Z
A,S689,Sell,1,5.00,2020-01-01T09:28:09Z
A,S690,Sell,1,5.00,2020-01-01T09:28:10Z
A,S691,Sell,1,5.00,2020-01-01T09:28:11Z
A,S692,Sell,1,5.00,2020-01-01T09:28:12Z
A,S693,Sell,1,5.00,2020-01-01T09:28:13Z
A,S694,Sell,1,5.00,2020-01-01T09:28:14Z
A,S695,Sell,1,5.00,2020-01-01T09:28:15Z
A,S696,Sell,1,5.00,2020-01-01T09:28:16Z
A,S697,Sell,1,5.00,2020-01-01T09:28:17Z
A,S698,Sell,1,5.00,2020-01-01T09:28:18Z
A,S699,Sell,1,5.00,2020-01-01T09:28:19Z
A,S700,Sell,1,5.00,2020-01-01T09:28:20Z
A,S701,Sell,1,5.00,2020-01-01T09:28:21Z
A,S702,Sell,1,5.00,2020-01-01T09:28:22Z
A,S703,Sell,1,5.00,2020-01-01T09:28:23Z
A,S704,Sell,1,5.00,2020-01-01T09:28:24Z
A,S705,Sell,1,5.00,2020-01-01T09:28:25Z
A,S706,Sell,1,5.00,2020-01-01T09:28:26Z
A,S707,Sell,1,5.00,2020-01-01T09:28:27Z
A,S708,Sell,1,5.00,2020-01-01T09:28:28Z
A,S709,Sell,1,5.00,2020-01-01T09:28:29Z
A,S710,Sell,1,5.00,2020-01-01T09:28:30Z
A,S711,Sell,1,5.00,2020-01-01T09:28:31Z
A,S712,Sell,1,5.00,2020-01-01T09:28:32Z
A,S713,Sell,1,5.00,2020-01-01T09:28:33Z
A,S714,Sell,1,5.00,2020-01-01T09:28:34Z
A,S715,Sell,1,5.00,2020-01-01T09:28:35Z
A,S716,Sell,1,5.00,2020-01-01T09:28:36Z
A,S717,Sell,1,5.00,2020-01-01T09:28:37Z
A,S718,Sell,1,5.00,2020-01-01T09:28:38Z
A,S719,Sell,1,5.00,2020-01-01T09:28:39Z
A,S720,Sell,1,5.00,2020-01-01T09:28:40Z
A,S721,Sell,1,5.00,2020-01-01T09:28:41Z
A,S722,Sell,1,5.00,2020-01-01T09:28:42Z
A,S723,Sell,1,5.00,2020-01-01T09:28:43Z
A,S724,Sell,1,5.00,2020-01-01T09:28:44Z
A,S725,Sell,1,5.00,2020-01-01T09:28:45Z
A,S726,Sell,1,5.00,2020-01-01T09:28:46Z
A,S727,Sell,1,5.00,2020-01-01T09:28:47Z
A,S728,Sell,1,5.00,2020-01-01T09:28:48Z
A,S729,Sell,1,5.00,2020-01-01T09:28:49Z
A,S730,Sell,1,5.00,2020-01-01T09:28:50Z
A,S731,Sell,1,5.00,2020-01-01T09:28:51Z
A,S732,Sell,1,5.00,2020-01-01T09:28:52Z
A,S733,Sell,1,5.00,2020-01-01T09:28:53Z
A,S734,Sell,1,5.00,2020-01-01T09:28:54Z
A,S735,Sell,1,5.00,2020-01-01T09:28:55Z
A,S736,Sell,1,5.00,2020-01-01T09:28:56Z
A,S737,Sell,1,5.00,2020-01-01T09:28:57Z
A,S738,Sell,1,5.00,2020-01-01T09:28:58Z
A,S739,Sell,1,5.00,2020-01-01T09:28:59Z
A,S740,Sell,1,5.00,2020-01-01T09:29:00Z
A,S741,Sell,1,5.00,2020-01-01T09:29:01Z
A,S742,Sell,1,5.00,2020-01-01T09:29:02Z
A,S743,Sell,1,5.00,2020-01-01T09:29:03Z
A,S744,Sell,1,5.00,2020-01-01T09:29:04Z
A,S745,Sell,1,5.00,2020-01-01T09:29:05Z
A,S746,Sell,1,5.00,2020-01-01T09:29:06Z
A,S747,Sell,1,5.00,2020-01-01T09:29:07Z
A,S748,Sell,1,5.00,2020-01-01T09:29:08Z
A,S749,Sell,1,5.00,2020-01-01T09:29:09Z
A,S750,Sell,1,5.00,2020-01-01T09:29:10Z
A,S751,Sell,1,5.00,2020-01-01T09:29:11Z
A,S752,Sell,1,5.00,2020-01-01T09:29:12Z
A,S753,Sell,1,5.00,2020-01-01T09:29:13Z
A,S754,Sell,1,5.00,2020-01-01T09:29:14Z
A,S755,Sell,1,5.00,2020-01-01T09:29:15Z
A,S756,Sell,1,5.00,2020-01-01T09:29:16Z
A,S757,Sell,1,5.00,2020-01-01T09:29:17Z
A,S758,Sell,1,5.00,2020-01-01T09:29:18Z
A,S759,Sell,1,5.00,2020-01-01T09:29:19Z
A,S760,Sell,1,5.00,2020-01-01T09:29:20Z
A,S761,Sell,1,5.00,2020-01-01T09:29:21Z
A,S762,Sell,1,5.00,2020-01-01T09:29:22Z
A,S763,Sell,1,5.00,2020-01-01T09:29:23Z
A,S764,Sell,1,5.00,2020-01-01T09:29:24Z
A,S765,Sell,1,5.00,2020-01-01T09:29:25Z
A,S766,Sell,1,5.00,2020-01-01T09:29:26Z
A,S767,Sell,1,5.00,2020-01-01T09:29:27Z
A,S768,Sell,1,5.00,2020-01-01T09:29:28Z
A,S769,Sell,1,5.00,2020-01-01T09:29:29Z
A,S770,Sell,1,5.00,2020-01-01T09:29:30Z
A,S771,Sell,1,5.00,2020-01-01T09:29:31Z
A,S772,Sell,1,5.00,2020-01-01T09:29:32Z
A,S773,Sell,1,5.00,2020-01-01T09:29:33Z
A,S774,Sell,1,5.00,2020-01-01T09:29:34Z
A,S775,Sell,1,5.00,2020-01-01T09:29:35Z
A,S776,Sell,1,5.00,2020-01-01T09:29:36Z
A,S777,Sell,1,5.00,2020-01-01T09:29:37Z
A,S778,Sell,1,5.00,2020-01-01T09:29:38Z
A,S779,Sell,1,5.00,2020-01-01T09:29:39Z
A,S780,Sell,1,5.00,2020-01-01T09:29:40Z
A,S781,Sell,1,5.00,2020-01-01T09:29:41Z
A,S782,Sell,1,5.00,2020-01-01T09:29:42Z
A,S783,Sell,1,5.00,2020-01-01T09:29:43Z
A,S784,Sell,1,5.00,2020-01-01T09:29:44Z
A,S785,Sell,1,5.00,2020-01-01T09:29:45Z
A,S786,Sell,1,5.00,2020-01-01T09:29:46Z
A,S787,Sell,1,5.00,2020-01-01T09:29:47Z
A,S788,Sell,1,5.00,2020-01-01T09:29:48Z
A,S789,Sell,1,5.00,2020-01-01T09:29:49Z
A,S790,Sell,1,5.00,2020-01-01T09:29:50Z
A,S791,Sell,1,5.00,2020-01-01T09:29:51Z
A,S792,Sell,1,5.00,2020-01-01T09:29:52Z
A,S793,Sell,1,5.00,2020-01-01T09:29:53Z
A,S794,Sell,1,5.00,2020-01-01T09:29:54Z
A,S795,Sell,1,5.00,2020-01-01T09:29:55Z
A,S796,Sell,1,5.00,2020-01-01T09:29:56Z
A,S797,Sell,1,5.00,2020-01-01T09:29:57Z
A,S798,Sell,1,5.00,2020-01-01T09:29:58Z
A,S799,Sell,1,5.00,2020-01-01T09:29:59Z
A,S800,Sell,1,5.00,2020-01-01T09:30:00Z
A,S801,Sell,1,5.00,2020-01-01T09:30:01Z
A,S802,Sell,1,5.00,2020-01-01T09:30:02Z
A,S803,Sell,1,5.00,2020-01-01T09:30:03Z
A,S804,Sell,1,5.00,2020-01-01T09:30:04Z
A,S805,Sell,1,5.00,2020-01-01T09:30:05Z
A,S806,Sell,1,5.00,2020-01-01T09:30:06Z
A,S807,Sell,1,5.00,2020-01-01T09:30:07Z
A,S808,Sell,1,5.00,2020-01-01T09:30:08Z
A,S809,Sell,1,5.00,2020-01-01T09:30:09Z
A,S810,Sell,1,5.00,2020-01-01T09:30:10Z
A,S811,Sell,1,5.00,2020-01-01T09:30:11Z
A,S812,Sell,1,5.00,2020-01-01T09:30:12Z
A,S813,Sell,1,5.00,2020-01-01T09:30:13Z
A,S814,Sell,1,5.00,2020-01-01T09:30:14Z
A,S815,Sell,1,5.00,2020-01-01T09:30:15Z
A,S816,Sell,1,5.00,2020-01-01T09:30:16Z
A,S817,Sell,1,5.00,2020-01-01T09:30:17Z
A,S818,Sell,1,5.00,2020-01-01T09:30:18Z
A,S819,Sell,1,5.00,2020-01-01T09:30:19Z
A,S820,Sell,1,5.00,2020-01-01T09:30:20Z
A,S821,Sell,1,5.00,2020-01-01T09:30:21Z
A,S822,Sell,1,5.00,2020-01-01T09:30:22Z
A,S823,Sell,1,5.00,2020-01-01T09:30:23Z
A,S824,Sell,1,5.00,2020-01-01T09:30:24Z
A,S825,Sell,1,5.00,2020-01-01T09:30:25Z
A,S826,Sell,1,5.00,2020-01-01T09:30:26Z
A,S827,Sell,1,5.00,2020-01-01T09:30:27Z
A,S828,Sell,1,5.00,2020-01-01T09:30:28Z
A,S829,Sell,1,5.00,2020-01-01T09:30:29Z
A,S830,Sell,1,5.00,2020-01-01T09:30:30Z
A,S831,Sell,1,5.00,2020-01-01T09:30:31Z
A,S832,Sell,1,5.00,2020-01-01T09:30:32Z
A,S833,Sell,1,5.00,2020-01-01T09:30:33Z
A,S834,Sell,1,5.00,2020-01-01T09:30:34Z
A,S835,Sell,1,5.00,2020-01-01T09:30:35Z
A,S836,Sell,1,5.00,2020-01-01T09:30:36Z
A,S837,Sell,1,5.00,2020-01-01T09:30:37Z
A,S838,Sell,1,5.00,2020-01-01T09:30:38Z
A,S839,Sell,1,5.00,2020-01-01T09:30:39Z
A,S840,Sell,1,5.00,2020-01-01T09:30:40Z
A,S841,Sell,1,5.00,2020-01-01T09:30:41Z
A,S842,Sell,1,5.00,2020-01-01T09:30:42Z
A,S843,Sell,1,5.00,2020-01-01T09:30:43Z
A,S844,Sell,1,5.00,2020-01-01T09:30:44Z
A,S845,Sell,1,5.00,2020-01-01T09:30:45Z
A,S846,Sell,1,5.00,2020-01-01T09:30:46Z
A,S847,Sell,1,5.00,2020-01-01T09:30:47Z
A,S848,Sell,1,5.00,2020-01-01T09:30:48Z
A,S849,Sell,1,5.00,2020-01-01T09:30:49Z
A,S850,Sell,1,5.00,2020-01-01T09:30:50Z
A,S851,Sell,1,5.00,2020-01-01T09:30:51Z
A,S852,Sell,1,5.00,2020-01-01T09:30:52Z
A,S853,Sell,1,5.00,2020-01-01T09:30:53Z
A,S854,Sell,1,5.00,2020-01-01T09:30:54Z
A,S855,Sell,1,5.00,2020-01-01T09:30:55Z
A,S856,Sell,1,5.00,2020-01-01T09:30:56Z
A,S857,Sell,1,5.00,2020-01-01T09:30:57Z
A,S858,Sell,1,5.00,2020-01-01T09:30:58Z
A,S859,Sell,1,5.00,2020-01-01T09:30:59Z
A,S860,Sell,1,5.00,2020-01-01T09:31:00Z
A,S861,Sell,1,5.00,2020-01-01T09:31:01Z
A,S862,Sell,1,5.00,2020-01-01T09:31:02Z
A,S863,Sell,1,5.00,2020-01-01T09:31:03Z
A,S864,Sell,1,5.00,2020-01-01T09:31:04Z
A,S865,Sell,1,5.00,2020-01-01T09:31:05Z
A,S866,Sell,1,5.00,2020-01-01T09:31:06Z
A,S867,Sell,1,5.00,2020-01-01T09:31:07Z
A,S868,Sell,1,5.00,2020-01-01T09:31:08Z
A,S869,Sell,1,5.00,2020-01-01T09:31:09Z
A,S870,Sell,1,5.00,2020-01-01T09:31:10Z
A,S871,Sell,1,5.00,2020-01-01T09:31:11Z
A,S872,Sell,1,5.00,2020-01-01T09:31:12Z
A,S873,Sell,1,5.00,2020-01-01T09:31:13Z
A,S874,Sell,1,5.00,2020-01-01T09:31:14Z
A,S875,Sell,1,5.00,2020-01-01T09:31:15Z
A,S876,Sell,1,5.00,2020-01-01T09:31:16Z
A,S877,Sell,1,5.00,2020-01-01T09:31:17Z
A,S878,Sell,1,5.00,2020-01-01T09:31:18Z
A,S879,Sell,1,5.00,2020-01-01T09:31:19Z
A,S880,Sell,1,5.00,2020-01-01T09:31:20Z
A,S881,Sell,1,5.00,2020-01-01T09:31:21Z
A,S882,Sell,1,5.00,2020-01-01T09:31:22Z
A,S883,Sell,1,5.00,2020-01-01T09:31:23Z
A,S884,Sell,1,5.00,2020-01-01T09:31:24Z
A,S885,Sell,1,5.00,2020-01-01T09:31:25Z
A,S886,Sell,1,5.00,2020-01-01T09:31:26Z
A,S887,Sell,1,5.00,2020-01-01T09:31:27Z
A,S888,Sell,1,5.00,2020-01-01T09:31:28Z
A,S889,Sell,1,5.00,2020-01-01T09:31:29Z
A,S890,Sell,1,5.00,2020-01-01T09:31:30Z
A,S891,Sell,1,5.00,2020-01-01T09:31:31Z
A,S892,Sell,1,5.00,2020-01-01T09:31:32Z
A,S893,Sell,1,5.00,2020-01-01T09:31:33Z
A,S894,Sell,1,5.00,2020-01-01T09:31:34Z
A,S895,Sell,1,5.00,2020-01-01T09:31:35Z
A,S896,Sell,1,5.00,2020-01-01T09:31:36Z
A,S897,Sell,1,5.00,2020-01-01T09:31:37Z
A,S898,Sell,1,5.00,2020-01-01T09:31:38Z
A,S899,Sell,1,5.00,2020-01-01T09:31:39Z
A,S900,Sell,1,5.00,2020-01-01T09:31:40Z
A,S901,Sell,1,5.00,2020-01-01T09:31:41Z
A,S902,Sell,1,5.00,2020-01-01T09:31:42Z
A,S903,Sell,1,5.00,2020-01-01T09:31:43Z
A,S904,Sell,1,5.00,2020-01-01T09:31:44Z
A,S905,Sell,1,5.00,2020-01-01T09:31:45Z
A,S906,Sell,1,5.00,2020-01-01T09:31:46Z
A,S907,Sell,1,5.00,2020-01-01T09:31:47Z
A,S908,Sell,1,5.00,2020-01-01T09:31:48Z
A,S909,Sell,1,5.00,2020-01-01T09:31:49Z
A,S910,Sell,1,5.00,2020-01-01T09:31:50Z
A,S911,Sell,1,5.00,2020-01-01T09:31:51Z
A,S912,Sell,1,5.00,2020-01-01T09:31:52Z
A,S913,Sell,1,5.00,2020-01-01T09:31:53Z
A,S914,Sell,1,5.00,2020-01-01T09:31:54Z
A,S915,Sell,1,5.00,2020-01-01T09:31:55Z
A,S916,Sell,1,5.00,2020-01-01T09:31:56Z
A,S917,Sell,1,5.00,2020-01-01T09:31:57Z
A,S918,Sell,1,5.00,2020-01-01T09:31:58Z
A,S919,Sell,1,5.00,2020-01-01T09:31:59Z
A,S920,Sell,1,5.00,2020-01-01T09:32:00Z
A,S921,Sell,1,5.00,2020-01-01T09:32:01Z
A,S922,Sell,1,5.00,2020-01-01T09:32:02Z
A,S923,Sell,1,5.00,2020-01-01T09:32:03Z
A,S924,Sell,1,5.00,2020-01-01T09:32:04Z
A,S925,Sell,1,5.00,2020-01-01T09:32:05Z
A,S926,Sell,1,5.00,2020-01-01T09:32:06Z
A,S927,Sell,1,5.00,2020-01-01T09:32:07Z
A,S928,Sell,1,5.00,2020-01-01T09:32:08Z
A,S929,Sell,1,5.00,2020-01-01T09:32:09Z
A,S930,Sell,1,5.00,2020-01-01T09:32:10Z
A,S931,Sell,1,5.00,2020-01-01T09:32:11Z
A,S932,Sell,1,5.00,2020-01-01T09:32:12Z
A,S933,Sell,1,5.00,2020-01-01T09:32:13Z
A,S934,Sell,1,5.00,2020-01-01T09:32:14Z
A,S935,Sell,1,5.00,2020-01-01T09:32:15Z
A,S936,Sell,1,5.00,2020-01-01T09:32:16Z
A,S937,Sell,1,5.00,2020-01-01T09:32:17Z
A,S938,Sell,1,5.00,2020-01-01T09:32:18Z
A,S939,Sell,1,5.00,2020-01-01T09:32:19Z
A,S940,Sell,1,5.00,2020-01-01T09:32:20Z
A,S941,Sell,1,5.00,2020-01-01T09:32:21Z
A,S942,Sell,1,5.00,2020-01-01T09:32:22Z
A,S943,Sell,1,5.00,2020-01-01T09:32:23Z
A,S944,Sell,1,5.00,2020-01-01T09:32:24Z
A,S945,Sell,1,5.00,2020-01-01T09:32:25Z
A,S946,Sell,1,5.00,2020-01-01T09:32:26Z
A,S947,Sell,1,5.00,2020-01-01T09:32:27Z
A,S948,Sell,1,5.00,2020-01-01T09:32:28Z
A,S949,Sell,1,5.00,2020-01-01T09:32:29Z
A,S950,Sell,1,5.00,2020-01-01T09:32:30Z
A,S951,Sell,1,5.00,2020-01-01T09:32:31Z
A,S952,Sell,1,5.00,2020-01-01T09:32:32Z
A,S953,Sell,1,5.00,2020-01-01T09:32:33Z
A,S954,Sell,1,5.00,2020-01-01T09:32:34Z
A,S955,Sell,1,5.00,2020-01-01T09:32:35Z
A,S956,Sell,1,5.00,2020-01-01T09:32:36Z
A,S957,Sell,1,5.00,2020-01-01T09:32:37Z
A,S958,Sell,1,5.00,2020-01-01T09:32:38Z
A,S959,Sell,1,5.00,2020-01-01T09:32:39Z
A,S960,Sell,1,5.00,2020-01-01T09:32:40Z
A,S961,Sell,1,5.00,2020-01-01T09:32:41Z
A,S962,Sell,1,5.00,2020-01-01T09:32:42Z
A,S963,Sell,1,5.00,2020-01-01T09:32:43Z
A,S964,Sell,1,5.00,2020-01-01T09:32:44Z
A,S965,Sell,1,5.00,2020-01-01T09:32:45Z
A,S966,Sell,1,5.00,2020-01-01T09:32:46Z
A,S967,Sell,1,5.00,2020-01-01T09:32:47Z
A,S968,Sell,1,5.00,2020-01-01T09:32:48Z
A,S969,Sell,1,5.00,2020-01-01T09:32:49Z
A,S970,Sell,1,5.00,2020-01-01T09:32:50Z
A,S971,Sell,1,5.00,2020-01-01T09:32:51Z
A,S972,Sell,1,5.00,2020-01-01T09:32:52Z
A,S973,Sell,1,5.00,2020-01-01T09:32:53Z
A,S974,Sell,1,5.00,2020-01-01T09:32:54Z
A,S975,Sell,1,5.00,2020-01-01T09:32:55Z
A,S976,Sell,1,5.00,2020-01-01T09:32:56Z
A,S977,Sell,1,5.00,2020-01-01T09:32:57Z
A,S978,Sell,1,5.00,2020-01-01T09:32:58Z
A,S979,Sell,1,5.00,2020-01-01T09:32:59Z
A,S980,Sell,1,5.00,2020-01-01T09:33:00Z
A,S981,Sell,1,5.00,2020-01-01T09:33:01Z
A,S982,Sell,1,5.00,2020-01-01T09:33:02Z
A,S983,Sell,1,5.00,2020-01-01T09:33:03Z
A,S984,Sell,1,5.00,2020-01-01T09:33:04Z
A,S985,Sell,1,5.00,2020-01-01T09:33:05Z
A,S986,Sell,1,5.00,2020-01-01T09:33:06Z
A,S987,Sell,1,5.00,2020-01-01T09:33:07Z
A,S988,Sell,1,5.00,2020-01-01T09:33:08Z
A,S989,Sell,1,5.00,2020-01-01T09:33:09Z
A,S990,Sell,1,5.00,2020-01-01T09:33:10Z
A,S991,Sell,1,5.00,2020-01-01T09:33:11Z
A,S992,Sell,1,5.00,2020-01-01T09:33:12Z
A,S993,Sell,1,5.00,2020-01-01T09:33:13Z
A,S994,Sell,1,5.00,2020-01-01T09:33:14Z
A,S995,Sell,1,5.00,2020-01-01T09:33:15Z
A,S996,Sell,1,5.00,2020-01-01T09:33:16Z
A,S997,Sell,1,5.00,2020-01-01T09:33:17Z
A,S998,Sell,1,5.00,2020-01-01T09:33:18Z
A,S999,Sell,1,5.00,2020-01-01T09:33:19Z
